constituency_id,state,demographic,result,voter_turnout_pct,margin_of_victory_pct,swing_factor_pct,election_year
AS-AC0001,Assam,Semi-Urban,AGP,79.46,9.0728,-2.3414,2021
PU-AC0002,Puducherry,Rural,DMK,69.01,-7.5971,-9.2408,2021
KE-AC0003,Kerala,Rural,LDF,78.13,32.6026,14.8698,2021
KE-AC0004,Kerala,Semi-Urban,INC,73.4,8.3682,11.1942,2021
AS-AC0005,Assam,Rural,AGP,74.11,-6.4949,-12.2084,2021
PU-AC0006,Puducherry,Semi-Urban,AINRC,66.25,-8.7839,-15.8329,2021
WE-AC0007,West Bengal,Rural,TMC,80.76,22.9963,8.8775,2021
KE-AC0008,Kerala,Urban,BJP,61.79,11.3972,9.7555,2021
PU-AC0009,Puducherry,Rural,INC,80.91,5.1101,-0.758,2021
PU-AC0010,Puducherry,Rural,DMK,78.89,-0.4731,8.219,2021
WE-AC0011,West Bengal,Rural,TMC,76.48,-2.2054,-14.9505,2021
KE-AC0012,Kerala,Rural,INC,81.35,5.6634,-3.1617,2021
AS-AC0013,Assam,Rural,BJP,76.53,16.8298,-8.616,2021
WE-AC0014,West Bengal,Rural,CPIM,80.16,18.5475,29.4366,2021
KE-AC0015,Kerala,Rural,UDF,90.86,29.8314,-0.7445,2021
TA-AC0016,Tamil Nadu,Rural,DMK,76.7,8.163,-14.2648,2021
AS-AC0017,Assam,Rural,AGP,91.39,4.2844,-6.8919,2021
PU-AC0018,Puducherry,Rural,BJP,85.47,5.8951,-5.663,2021
AS-AC0019,Assam,Rural,AIUDF,76.29,-4.2303,-12.2287,2021
TA-AC0020,Tamil Nadu,Semi-Urban,BJP,76.39,7.8956,-14.4348,2021
AS-AC0021,Assam,Urban,AIUDF,65.83,24.9236,5.016,2021
WE-AC0022,West Bengal,Urban,CPIM,71.09,27.5085,10.6529,2021
KE-AC0023,Kerala,Semi-Urban,LDF,76.95,26.5599,11.6863,2021
PU-AC0024,Puducherry,Rural,INC,72.09,-10.4094,-0.1571,2021
AS-AC0025,Assam,Rural,AIUDF,82.3,3.0155,-18.8653,2021
PU-AC0026,Puducherry,Rural,INC,82.61,15.8119,-13.4352,2021
PU-AC0027,Puducherry,Urban,INC,76.51,4.6875,1.906,2021
PU-AC0028,Puducherry,Semi-Urban,DMK,64.63,-1.2904,-15.1485,2021
TA-AC0029,Tamil Nadu,Rural,AIADMK,79.49,6.1535,1.5373,2021
TA-AC0030,Tamil Nadu,Urban,AIADMK,61.06,11.3424,17.7892,2021
WE-AC0031,West Bengal,Rural,CPIM,72.65,-1.1571,-6.8718,2021
TA-AC0032,Tamil Nadu,Urban,AIADMK,61.69,7.5117,-18.6727,2021
WE-AC0033,West Bengal,Urban,CPIM,59.94,13.3006,-10.7774,2021
AS-AC0034,Assam,Rural,AGP,95.0,36.2871,0.0,2021
TA-AC0035,Tamil Nadu,Rural,BJP,76.47,0.8107,-1.1474,2021
WE-AC0036,West Bengal,Rural,INC,73.93,9.8311,5.779,2021
PU-AC0037,Puducherry,Rural,INC,72.7,1.6561,-7.0767,2021
WE-AC0038,West Bengal,Rural,BJP,88.1,20.9169,-4.9841,2021
PU-AC0039,Puducherry,Semi-Urban,BJP,84.42,30.9979,4.1387,2021
TA-AC0040,Tamil Nadu,Urban,DMK,63.27,5.7133,12.8054,2021
KE-AC0041,Kerala,Semi-Urban,UDF,77.26,2.7927,5.9132,2021
TA-AC0042,Tamil Nadu,Urban,AIADMK,60.41,21.1827,15.7011,2021
TA-AC0043,Tamil Nadu,Urban,DMK,72.98,3.5191,-1.8389,2021
AS-AC0044,Assam,Urban,AIUDF,68.56,9.8109,1.1733,2021
PU-AC0045,Puducherry,Urban,BJP,63.28,-0.8851,-13.4201,2021
WE-AC0046,West Bengal,Rural,CPIM,78.68,24.7586,-6.1309,2021
AS-AC0047,Assam,Rural,AGP,75.4,9.0103,-12.1419,2021
PU-AC0048,Puducherry,Rural,DMK,75.19,16.1285,17.7043,2021
TA-AC0049,Tamil Nadu,Semi-Urban,INC,78.89,9.8477,0.6023,2021
TA-AC0050,Tamil Nadu,Rural,DMK,77.6,27.9019,2.3749,2021
WE-AC0051,West Bengal,Rural,INC,72.05,-15.4793,-3.5154,2021
KE-AC0052,Kerala,Urban,LDF,68.04,12.722,7.6834,2021
KE-AC0053,Kerala,Rural,UDF,82.22,7.9972,-4.0122,2021
TA-AC0054,Tamil Nadu,Urban,DMK,68.39,17.8062,0.5435,2021
WE-AC0055,West Bengal,Rural,CPIM,91.92,3.448,1.8334,2021
AS-AC0056,Assam,Urban,BJP,56.62,2.2844,15.8914,2021
AS-AC0057,Assam,Semi-Urban,BJP,82.71,26.4325,-5.769,2021
PU-AC0058,Puducherry,Semi-Urban,INC,83.89,31.8042,-1.323,2021
PU-AC0059,Puducherry,Urban,DMK,64.58,23.0649,13.5387,2021
WE-AC0060,West Bengal,Semi-Urban,TMC,55.48,9.3325,-0.5548,2021
PU-AC0061,Puducherry,Semi-Urban,INC,72.91,7.3729,6.2285,2021
KE-AC0062,Kerala,Urban,LDF,47.65,-13.5907,-2.6826,2021
AS-AC0063,Assam,Rural,AIUDF,90.7,32.2374,13.6863,2021
AS-AC0064,Assam,Semi-Urban,BJP,82.14,15.1258,1.1641,2021
WE-AC0065,West Bengal,Rural,BJP,75.59,-16.6843,-0.5555,2021
PU-AC0066,Puducherry,Urban,AINRC,55.99,13.5887,20.3214,2021
AS-AC0067,Assam,Urban,AIUDF,71.52,12.9173,-3.1936,2021
KE-AC0068,Kerala,Semi-Urban,UDF,58.64,-5.4078,-4.8864,2021
WE-AC0069,West Bengal,Rural,INC,86.54,14.3641,12.0464,2021
PU-AC0070,Puducherry,Urban,DMK,66.51,9.6659,0.6901,2021
TA-AC0071,Tamil Nadu,Rural,AIADMK,95.0,23.7179,0.0,2021
KE-AC0072,Kerala,Rural,UDF,75.39,4.753,-12.9104,2021
AS-AC0073,Assam,Urban,INC,51.95,-8.7169,-13.0766,2021
WE-AC0074,West Bengal,Rural,TMC,72.1,2.7366,8.3975,2021
WE-AC0075,West Bengal,Urban,INC,50.97,-11.47,-8.6399,2021
KE-AC0076,Kerala,Urban,UDF,68.27,20.9905,4.5141,2021
WE-AC0077,West Bengal,Rural,CPIM,81.99,47.8341,4.9457,2021
KE-AC0078,Kerala,Urban,UDF,76.92,26.6477,7.642,2021
KE-AC0079,Kerala,Semi-Urban,LDF,58.12,-25.5526,-21.388,2021
TA-AC0080,Tamil Nadu,Urban,INC,64.56,7.1522,4.6452,2021
AS-AC0081,Assam,Rural,BJP,74.64,-3.6829,3.5316,2021
PU-AC0082,Puducherry,Urban,INC,65.44,15.9903,10.3492,2021
PU-AC0083,Puducherry,Rural,INC,88.52,28.6642,2.9555,2021
WE-AC0084,West Bengal,Urban,INC,68.05,21.8707,0.9562,2021
KE-AC0085,Kerala,Rural,BJP,81.05,16.8649,12.4733,2021
AS-AC0086,Assam,Semi-Urban,INC,79.74,9.3171,3.8784,2021
TA-AC0087,Tamil Nadu,Rural,BJP,72.73,-3.5358,6.7581,2021
PU-AC0088,Puducherry,Rural,DMK,78.91,32.2737,19.9932,2021
PU-AC0089,Puducherry,Semi-Urban,AINRC,65.31,-7.319,-14.522,2021
PU-AC0090,Puducherry,Urban,INC,67.73,14.5936,15.647,2021
PU-AC0091,Puducherry,Rural,AINRC,78.87,7.3885,18.8683,2021
KE-AC0092,Kerala,Rural,LDF,91.9,2.8439,-1.334,2021
TA-AC0093,Tamil Nadu,Rural,INC,76.57,-9.433,6.2814,2021
KE-AC0094,Kerala,Urban,BJP,58.63,-3.0739,2.7718,2021
KE-AC0095,Kerala,Rural,BJP,84.76,12.5431,0.5922,2021
KE-AC0096,Kerala,Rural,UDF,69.39,0.4253,14.6539,2021
KE-AC0097,Kerala,Rural,INC,67.8,4.2519,-20.7339,2021
PU-AC0098,Puducherry,Urban,DMK,65.6,27.8504,9.5151,2021
AS-AC0099,Assam,Semi-Urban,AGP,69.69,0.8941,3.4099,2021
WE-AC0100,West Bengal,Rural,BJP,75.97,-8.5298,-2.2922,2021
KE-AC0101,Kerala,Semi-Urban,BJP,57.99,1.6755,-7.1598,2021
PU-AC0102,Puducherry,Semi-Urban,DMK,86.57,18.1954,7.4798,2021
TA-AC0103,Tamil Nadu,Rural,INC,85.6,2.3973,-3.6099,2021
WE-AC0104,West Bengal,Semi-Urban,CPIM,80.78,8.2333,13.4604,2021
TA-AC0105,Tamil Nadu,Rural,INC,70.46,-8.0185,1.0082,2021
PU-AC0106,Puducherry,Semi-Urban,AINRC,57.6,-7.8945,-25.7822,2021
PU-AC0107,Puducherry,Urban,AINRC,60.41,-4.6172,-13.3274,2021
PU-AC0108,Puducherry,Rural,AINRC,76.15,0.381,-7.2574,2021
PU-AC0109,Puducherry,Rural,BJP,70.29,-1.4871,10.5364,2021
PU-AC0110,Puducherry,Rural,DMK,74.62,3.6281,-2.8062,2021
TA-AC0111,Tamil Nadu,Rural,DMK,56.69,-12.1126,-17.8056,2021
KE-AC0112,Kerala,Semi-Urban,BJP,75.26,4.7563,-15.7022,2021
KE-AC0113,Kerala,Semi-Urban,BJP,76.06,27.7346,0.4477,2021
PU-AC0114,Puducherry,Rural,AINRC,95.0,20.8845,0.0,2021
TA-AC0115,Tamil Nadu,Rural,BJP,68.2,-0.955,-5.8727,2021
PU-AC0116,Puducherry,Rural,DMK,81.95,4.556,-5.1604,2021
AS-AC0117,Assam,Urban,BJP,62.64,0.6939,-8.9461,2021
AS-AC0118,Assam,Rural,INC,83.84,0.7538,8.8963,2021
KE-AC0119,Kerala,Semi-Urban,LDF,77.91,9.337,-6.8343,2021
AS-AC0120,Assam,Rural,AIUDF,87.81,21.2553,-5.2286,2021
PU-AC0121,Puducherry,Rural,INC,58.2,-20.0756,-12.074,2021
PU-AC0122,Puducherry,Urban,AINRC,68.26,28.522,9.281,2021
WE-AC0123,West Bengal,Rural,BJP,77.1,11.3289,5.9731,2021
TA-AC0124,Tamil Nadu,Urban,BJP,66.34,14.509,11.9418,2021
AS-AC0125,Assam,Semi-Urban,INC,72.82,7.1671,10.4853,2021
PU-AC0126,Puducherry,Urban,DMK,74.84,19.684,1.647,2021
KE-AC0127,Kerala,Urban,INC,75.44,23.3511,20.102,2021
KE-AC0128,Kerala,Rural,INC,74.3,-1.0618,-10.6083,2021
PU-AC0129,Puducherry,Rural,INC,88.17,11.5261,-11.3182,2021
WE-AC0130,West Bengal,Semi-Urban,BJP,84.7,28.1072,5.0727,2021
AS-AC0131,Assam,Rural,AIUDF,73.86,6.6774,-8.3356,2021
TA-AC0132,Tamil Nadu,Semi-Urban,BJP,78.21,19.9084,0.4644,2021
TA-AC0133,Tamil Nadu,Rural,INC,87.79,7.8019,-4.0138,2021
TA-AC0134,Tamil Nadu,Rural,AIADMK,82.78,3.3911,1.9409,2021
WE-AC0135,West Bengal,Rural,TMC,79.16,0.084,3.7721,2021
KE-AC0136,Kerala,Urban,UDF,70.82,13.6147,1.0768,2021
AS-AC0137,Assam,Rural,BJP,76.37,4.6168,6.3327,2021
KE-AC0138,Kerala,Rural,INC,81.54,9.5071,6.4019,2021
TA-AC0139,Tamil Nadu,Semi-Urban,BJP,74.57,13.0672,-2.3006,2021
KE-AC0140,Kerala,Semi-Urban,LDF,84.15,29.8279,7.09,2021
WE-AC0141,West Bengal,Rural,CPIM,71.36,-9.4162,-4.6439,2021
KE-AC0142,Kerala,Semi-Urban,UDF,69.42,26.8435,16.188,2021
KE-AC0143,Kerala,Rural,INC,81.4,1.0494,-5.71,2021
WE-AC0144,West Bengal,Rural,CPIM,71.37,-2.4401,-11.4649,2021
WE-AC0145,West Bengal,Rural,INC,70.91,-6.4397,-2.811,2021
TA-AC0146,Tamil Nadu,Urban,DMK,76.63,31.7603,13.8315,2021
TA-AC0147,Tamil Nadu,Semi-Urban,BJP,82.12,23.2062,13.0799,2021
AS-AC0148,Assam,Rural,INC,86.2,1.4274,-0.241,2021
AS-AC0149,Assam,Urban,INC,61.72,15.291,11.2932,2021
TA-AC0150,Tamil Nadu,Rural,BJP,71.11,-15.4211,-0.1355,2021
WE-AC0151,West Bengal,Semi-Urban,CPIM,85.12,26.1221,7.5746,2021
TA-AC0152,Tamil Nadu,Semi-Urban,AIADMK,78.9,44.011,17.8083,2021
AS-AC0153,Assam,Rural,INC,88.38,20.7852,13.8009,2021
AS-AC0154,Assam,Semi-Urban,AIUDF,71.15,6.6959,11.7273,2021
WE-AC0155,West Bengal,Rural,INC,68.49,-6.5246,-16.2622,2021
WE-AC0156,West Bengal,Rural,CPIM,63.77,-0.093,2.5417,2021
KE-AC0157,Kerala,Semi-Urban,LDF,62.27,-6.3112,-16.0554,2021
WE-AC0158,West Bengal,Rural,BJP,95.0,18.4252,9.5873,2021
WE-AC0159,West Bengal,Rural,CPIM,76.24,1.0705,4.4839,2021
PU-AC0160,Puducherry,Rural,AINRC,66.98,-2.4624,2.9299,2021
PU-AC0161,Puducherry,Urban,INC,59.51,6.4512,-4.2729,2021
PU-AC0162,Puducherry,Semi-Urban,BJP,71.73,-6.5915,1.9658,2021
WE-AC0163,West Bengal,Urban,TMC,63.15,9.8992,6.6841,2021
PU-AC0164,Puducherry,Rural,BJP,70.56,9.0238,9.3101,2021
PU-AC0165,Puducherry,Rural,AINRC,92.76,12.6174,9.6409,2021
KE-AC0166,Kerala,Semi-Urban,UDF,82.26,14.0035,-2.614,2021
WE-AC0167,West Bengal,Rural,TMC,89.24,11.9566,10.714,2021
WE-AC0168,West Bengal,Rural,TMC,76.89,6.4169,-10.4901,2021
KE-AC0169,Kerala,Rural,INC,60.73,-12.6282,-5.331,2021
KE-AC0170,Kerala,Rural,INC,85.73,17.5777,3.8005,2021
PU-AC0171,Puducherry,Rural,INC,87.19,27.0178,23.4705,2021
AS-AC0172,Assam,Rural,AIUDF,78.11,-6.39,9.4077,2021
AS-AC0173,Assam,Urban,AGP,69.02,-0.6204,-9.3723,2021
WE-AC0174,West Bengal,Rural,INC,87.1,35.4276,4.1306,2021
TA-AC0175,Tamil Nadu,Urban,INC,71.99,14.685,15.0966,2021
KE-AC0176,Kerala,Semi-Urban,LDF,78.88,8.5389,4.3219,2021
WE-AC0177,West Bengal,Rural,BJP,91.44,31.1005,16.234,2021
WE-AC0178,West Bengal,Rural,INC,93.22,30.0607,16.3912,2021
WE-AC0179,West Bengal,Rural,CPIM,75.14,-9.8137,5.6335,2021
KE-AC0180,Kerala,Rural,LDF,72.16,14.0778,20.7995,2021
AS-AC0181,Assam,Urban,INC,77.91,23.4975,21.1786,2021
TA-AC0182,Tamil Nadu,Semi-Urban,INC,89.13,26.0689,17.2683,2021
TA-AC0183,Tamil Nadu,Semi-Urban,INC,66.03,-13.7748,-14.1371,2021
WE-AC0184,West Bengal,Rural,BJP,76.65,24.4034,-2.8218,2021
PU-AC0185,Puducherry,Rural,DMK,77.89,6.358,2.7338,2021
WE-AC0186,West Bengal,Rural,TMC,66.48,-8.3519,-11.7449,2021
WE-AC0187,West Bengal,Rural,CPIM,80.17,13.1058,-5.3051,2021
PU-AC0188,Puducherry,Rural,AINRC,79.03,30.8598,6.8066,2021
KE-AC0189,Kerala,Rural,INC,70.36,-2.2982,-3.5302,2021
TA-AC0190,Tamil Nadu,Rural,DMK,88.32,29.5876,-3.0014,2021
AS-AC0191,Assam,Rural,BJP,70.27,-6.7231,-1.8697,2021
AS-AC0192,Assam,Rural,AGP,78.4,-4.0569,-4.5896,2021
KE-AC0193,Kerala,Rural,INC,68.22,3.0042,-14.8028,2021
WE-AC0194,West Bengal,Rural,CPIM,78.38,12.1598,-9.2243,2021
WE-AC0195,West Bengal,Urban,TMC,62.51,17.5615,4.2533,2021
AS-AC0196,Assam,Rural,INC,82.04,17.6854,26.9971,2021
PU-AC0197,Puducherry,Urban,AINRC,48.14,-12.6364,3.918,2021
TA-AC0198,Tamil Nadu,Rural,DMK,75.68,-0.1405,-13.0805,2021
TA-AC0199,Tamil Nadu,Urban,DMK,68.77,24.3015,5.3301,2021
TA-AC0200,Tamil Nadu,Rural,AIADMK,85.7,19.6256,18.2601,2021
TA-AC0201,Tamil Nadu,Urban,INC,75.74,44.5734,12.1448,2021
WE-AC0202,West Bengal,Rural,CPIM,76.28,-0.2493,-6.7772,2021
WE-AC0203,West Bengal,Rural,CPIM,78.77,-6.0856,1.8577,2021
KE-AC0204,Kerala,Rural,INC,74.3,6.3622,-7.0785,2021
TA-AC0205,Tamil Nadu,Urban,INC,64.27,-2.0341,15.0133,2021
WE-AC0206,West Bengal,Rural,CPIM,90.26,35.7421,17.9927,2021
AS-AC0207,Assam,Urban,INC,53.58,-2.75,-21.2951,2021
AS-AC0208,Assam,Urban,AIUDF,64.28,9.7875,8.1574,2021
WE-AC0209,West Bengal,Urban,CPIM,83.29,21.7476,15.9912,2021
KE-AC0210,Kerala,Rural,LDF,87.62,23.0777,3.0019,2021
AS-AC0211,Assam,Semi-Urban,AGP,71.06,5.2793,7.2361,2021
KE-AC0212,Kerala,Rural,BJP,95.0,23.1521,5.3358,2021
TA-AC0213,Tamil Nadu,Rural,INC,87.08,10.1011,6.1024,2021
TA-AC0214,Tamil Nadu,Rural,DMK,88.55,15.8019,11.8704,2021
WE-AC0215,West Bengal,Rural,BJP,63.23,0.5998,-8.2034,2021
AS-AC0216,Assam,Rural,INC,85.27,8.2852,-3.5772,2021
PU-AC0217,Puducherry,Urban,DMK,45.96,-7.7387,-16.6128,2021
PU-AC0218,Puducherry,Rural,DMK,95.0,24.3258,0.0,2021
AS-AC0219,Assam,Semi-Urban,INC,65.4,8.7803,-4.5323,2021
PU-AC0220,Puducherry,Rural,DMK,64.06,1.8319,-8.8604,2021
AS-AC0221,Assam,Urban,AGP,68.48,8.6282,10.5666,2021
AS-AC0222,Assam,Rural,BJP,77.9,6.0378,10.8875,2021
AS-AC0223,Assam,Rural,BJP,74.33,-8.0674,-1.476,2021
PU-AC0224,Puducherry,Rural,DMK,65.18,6.7391,3.3197,2021
TA-AC0225,Tamil Nadu,Semi-Urban,AIADMK,69.67,-0.6208,8.1296,2021
AS-AC0226,Assam,Urban,AGP,64.38,1.7812,2.4528,2021
WE-AC0227,West Bengal,Rural,CPIM,73.24,10.8213,-2.8133,2021
KE-AC0228,Kerala,Semi-Urban,LDF,73.04,-1.0306,-6.0401,2021
TA-AC0229,Tamil Nadu,Urban,INC,50.88,12.0322,-10.7347,2021
WE-AC0230,West Bengal,Urban,TMC,66.77,48.4934,19.1471,2021
TA-AC0231,Tamil Nadu,Rural,DMK,95.0,17.1041,0.0,2021
TA-AC0232,Tamil Nadu,Urban,INC,70.74,27.0748,-10.3437,2021
AS-AC0233,Assam,Rural,AGP,73.97,20.7007,10.6586,2021
PU-AC0234,Puducherry,Rural,INC,77.66,12.3754,6.3878,2021
TA-AC0235,Tamil Nadu,Urban,DMK,78.15,23.0222,31.9311,2021
KE-AC0236,Kerala,Rural,LDF,75.82,-0.6535,-6.6814,2021
TA-AC0237,Tamil Nadu,Urban,AIADMK,71.16,27.5773,-4.2776,2021
KE-AC0238,Kerala,Semi-Urban,BJP,66.59,-1.0901,4.236,2021
WE-AC0239,West Bengal,Semi-Urban,TMC,75.51,11.4451,-0.4503,2021
TA-AC0240,Tamil Nadu,Urban,AIADMK,80.11,45.4566,25.8956,2021
TA-AC0241,Tamil Nadu,Urban,BJP,62.66,15.6616,3.0419,2021
AS-AC0242,Assam,Rural,AGP,75.19,-14.0507,-6.0782,2021
TA-AC0243,Tamil Nadu,Urban,BJP,68.26,19.3426,4.2147,2021
WE-AC0244,West Bengal,Rural,TMC,93.21,12.8859,3.8244,2021
AS-AC0245,Assam,Rural,AIUDF,73.56,30.6435,-10.0656,2021
KE-AC0246,Kerala,Rural,INC,69.67,22.1164,-13.1675,2021
WE-AC0247,West Bengal,Rural,INC,88.29,19.0905,-2.4126,2021
KE-AC0248,Kerala,Urban,BJP,49.33,-2.6266,11.006,2021
AS-AC0249,Assam,Urban,BJP,65.4,25.413,8.8475,2021
WE-AC0250,West Bengal,Rural,BJP,89.37,23.5096,18.3818,2021
WE-AC0251,West Bengal,Urban,INC,48.08,-4.2361,7.7923,2021
AS-AC0252,Assam,Semi-Urban,AGP,84.64,41.5351,22.5289,2021
AS-AC0253,Assam,Rural,BJP,82.52,13.1159,11.6351,2021
WE-AC0254,West Bengal,Rural,INC,84.02,6.9267,-6.8793,2021
WE-AC0255,West Bengal,Rural,INC,79.06,14.8936,6.3454,2021
AS-AC0256,Assam,Rural,AIUDF,68.87,-10.6493,-9.3088,2021
WE-AC0257,West Bengal,Urban,TMC,61.09,3.4803,3.0466,2021
KE-AC0258,Kerala,Urban,LDF,52.02,-3.3842,-14.5755,2021
KE-AC0259,Kerala,Semi-Urban,LDF,56.2,-20.6003,-3.1675,2021
PU-AC0260,Puducherry,Rural,BJP,90.73,19.3738,9.9246,2021
KE-AC0261,Kerala,Urban,INC,59.47,0.0924,-11.2352,2021
PU-AC0262,Puducherry,Rural,DMK,74.33,7.4062,1.4679,2021
WE-AC0263,West Bengal,Rural,CPIM,65.66,-14.7459,-22.0915,2021
AS-AC0264,Assam,Semi-Urban,AIUDF,63.96,9.9099,15.0582,2021
KE-AC0265,Kerala,Rural,LDF,71.83,7.3683,-10.749,2021
KE-AC0266,Kerala,Rural,UDF,77.7,12.4954,-4.8565,2021
WE-AC0267,West Bengal,Urban,CPIM,64.85,9.3846,-6.4769,2021
KE-AC0268,Kerala,Urban,INC,64.34,-0.9762,4.6498,2021
WE-AC0269,West Bengal,Rural,INC,75.54,-4.386,-16.6249,2021
TA-AC0270,Tamil Nadu,Urban,AIADMK,57.5,4.1906,7.7966,2021
AS-AC0271,Assam,Urban,AGP,63.75,7.7068,2.0836,2021
TA-AC0272,Tamil Nadu,Semi-Urban,AIADMK,89.5,20.0366,4.1819,2021
KE-AC0273,Kerala,Urban,UDF,54.17,-10.4769,-8.9979,2021
PU-AC0274,Puducherry,Semi-Urban,INC,43.79,5.0196,-12.2067,2021
WE-AC0275,West Bengal,Urban,INC,61.25,10.8062,-18.0561,2021
KE-AC0276,Kerala,Rural,LDF,80.94,6.862,-13.221,2021
AS-AC0277,Assam,Semi-Urban,AIUDF,66.32,3.8144,-3.5791,2021
AS-AC0278,Assam,Rural,BJP,88.52,8.0224,-2.8711,2021
PU-AC0279,Puducherry,Rural,DMK,87.87,14.0107,0.9798,2021
AS-AC0280,Assam,Urban,AGP,70.75,20.7976,6.5371,2021
TA-AC0281,Tamil Nadu,Rural,BJP,90.37,15.686,-11.5732,2021
TA-AC0282,Tamil Nadu,Rural,BJP,87.05,21.8185,-11.6854,2021
PU-AC0283,Puducherry,Rural,DMK,63.9,-18.5255,-8.4992,2021
TA-AC0284,Tamil Nadu,Rural,INC,87.95,8.0348,4.0705,2021
AS-AC0285,Assam,Semi-Urban,BJP,66.08,-1.498,8.5662,2021
WE-AC0286,West Bengal,Urban,INC,70.36,12.7266,6.7104,2021
WE-AC0287,West Bengal,Rural,BJP,91.88,20.6035,7.846,2021
PU-AC0288,Puducherry,Semi-Urban,BJP,60.12,9.3205,-8.1709,2021
AS-AC0289,Assam,Urban,AIUDF,72.2,14.6309,-3.3905,2021
KE-AC0290,Kerala,Urban,LDF,63.99,-5.492,2.5776,2021
WE-AC0291,West Bengal,Urban,CPIM,69.64,22.528,-12.9036,2021
AS-AC0292,Assam,Rural,BJP,84.07,7.4923,5.0547,2021
KE-AC0293,Kerala,Rural,LDF,68.38,-11.7416,-4.0928,2021
WE-AC0294,West Bengal,Urban,TMC,58.62,1.0687,-10.3287,2021
PU-AC0295,Puducherry,Semi-Urban,AINRC,76.79,17.9291,1.8963,2021
KE-AC0296,Kerala,Rural,BJP,89.56,24.1635,19.8169,2021
WE-AC0297,West Bengal,Rural,TMC,90.92,14.7903,1.9732,2021
AS-AC0298,Assam,Rural,BJP,79.5,9.5953,-1.2498,2021
KE-AC0299,Kerala,Rural,INC,69.74,-0.8385,-1.4778,2021
TA-AC0300,Tamil Nadu,Urban,DMK,68.93,25.8716,3.6513,2021
PU-AC0301,Puducherry,Rural,AINRC,79.3,4.6281,11.2543,2021
WE-AC0302,West Bengal,Semi-Urban,TMC,55.46,-6.4313,1.1902,2021
TA-AC0303,Tamil Nadu,Urban,DMK,45.87,-19.9274,-1.9103,2021
KE-AC0304,Kerala,Semi-Urban,INC,74.68,9.3021,15.6517,2021
TA-AC0305,Tamil Nadu,Semi-Urban,DMK,57.21,-17.1415,-13.5356,2021
WE-AC0306,West Bengal,Rural,INC,68.76,29.4855,-13.5145,2021
KE-AC0307,Kerala,Urban,INC,68.91,15.9364,14.8986,2021
KE-AC0308,Kerala,Rural,INC,80.3,9.0896,-0.427,2021
TA-AC0309,Tamil Nadu,Semi-Urban,DMK,77.13,15.1302,13.4883,2021
WE-AC0310,West Bengal,Urban,INC,66.21,18.8633,5.5769,2021
PU-AC0311,Puducherry,Semi-Urban,BJP,70.54,13.4352,8.4856,2021
AS-AC0312,Assam,Rural,AIUDF,81.89,8.4104,1.9849,2021
WE-AC0313,West Bengal,Semi-Urban,BJP,72.82,17.5835,0.068,2021
TA-AC0314,Tamil Nadu,Rural,INC,78.97,5.9277,1.8184,2021
WE-AC0315,West Bengal,Urban,INC,64.86,6.9825,-10.987,2021
AS-AC0316,Assam,Semi-Urban,INC,68.5,9.6949,-13.6317,2021
TA-AC0317,Tamil Nadu,Urban,INC,69.18,13.1272,-9.95,2021
TA-AC0318,Tamil Nadu,Semi-Urban,BJP,77.25,3.1197,10.4791,2021
AS-AC0319,Assam,Rural,AIUDF,87.86,17.2847,-2.0748,2021
PU-AC0320,Puducherry,Urban,BJP,63.79,0.7537,2.6588,2021
PU-AC0321,Puducherry,Urban,DMK,81.42,5.2595,-3.0742,2021
KE-AC0322,Kerala,Semi-Urban,BJP,67.12,15.6596,7.9063,2021
TA-AC0323,Tamil Nadu,Rural,AIADMK,68.08,-13.7405,0.3258,2021
TA-AC0324,Tamil Nadu,Rural,BJP,81.11,10.7345,17.0206,2021
KE-AC0325,Kerala,Urban,BJP,68.94,17.093,11.0313,2021
TA-AC0326,Tamil Nadu,Semi-Urban,AIADMK,58.2,-3.8626,-10.3001,2021
WE-AC0327,West Bengal,Rural,INC,77.95,5.2469,-0.8923,2021
PU-AC0328,Puducherry,Rural,INC,87.08,24.6045,13.1038,2021
AS-AC0329,Assam,Rural,INC,66.2,-27.1556,-10.232,2021
AS-AC0330,Assam,Semi-Urban,INC,75.32,5.251,4.6259,2021
PU-AC0331,Puducherry,Rural,DMK,81.65,21.304,-2.5154,2021
PU-AC0332,Puducherry,Rural,INC,78.05,0.8406,-5.0455,2021
WE-AC0333,West Bengal,Semi-Urban,TMC,74.32,20.3454,8.0337,2021
WE-AC0334,West Bengal,Urban,INC,60.62,-0.2211,-3.783,2021
TA-AC0335,Tamil Nadu,Rural,AIADMK,80.61,9.2899,5.4002,2021
AS-AC0336,Assam,Semi-Urban,BJP,85.84,45.474,16.7449,2021
WE-AC0337,West Bengal,Rural,BJP,83.06,2.6239,14.4442,2021
TA-AC0338,Tamil Nadu,Rural,DMK,95.0,33.7398,4.5283,2021
WE-AC0339,West Bengal,Rural,CPIM,76.29,12.7006,2.2993,2021
TA-AC0340,Tamil Nadu,Semi-Urban,INC,77.04,7.3136,-13.6596,2021
KE-AC0341,Kerala,Rural,LDF,68.05,-10.2928,-4.3465,2021
AS-AC0342,Assam,Rural,BJP,70.97,-9.9682,12.3581,2021
PU-AC0343,Puducherry,Rural,BJP,83.9,20.3977,6.6142,2021
PU-AC0344,Puducherry,Rural,AINRC,80.5,8.6357,0.3873,2021
TA-AC0345,Tamil Nadu,Rural,INC,72.6,-7.3767,-7.0134,2021
TA-AC0346,Tamil Nadu,Rural,BJP,73.8,-3.2058,-7.2309,2021
TA-AC0347,Tamil Nadu,Urban,INC,70.89,12.7031,15.3793,2021
TA-AC0348,Tamil Nadu,Semi-Urban,DMK,72.38,6.3769,-13.2647,2021
PU-AC0349,Puducherry,Rural,BJP,71.39,10.3943,-16.2356,2021
WE-AC0350,West Bengal,Semi-Urban,TMC,69.95,-6.989,-1.7435,2021
AS-AC0351,Assam,Semi-Urban,INC,72.61,10.5056,-15.2442,2021
AS-AC0352,Assam,Urban,AGP,68.08,2.5401,-2.4215,2021
KE-AC0353,Kerala,Rural,UDF,88.0,33.4635,2.394,2021
TA-AC0354,Tamil Nadu,Semi-Urban,AIADMK,74.22,28.3096,6.8134,2021
KE-AC0355,Kerala,Rural,LDF,73.67,18.0269,10.7427,2021
PU-AC0356,Puducherry,Rural,AINRC,82.08,16.5932,6.9292,2021
AS-AC0357,Assam,Rural,BJP,69.2,-9.5852,-27.0184,2021
PU-AC0358,Puducherry,Rural,DMK,79.67,7.5121,-0.1654,2021
TA-AC0359,Tamil Nadu,Rural,INC,93.2,16.1002,5.4646,2021
PU-AC0360,Puducherry,Urban,AINRC,59.52,8.3287,3.5343,2021
AS-AC0361,Assam,Semi-Urban,BJP,76.49,21.5103,6.0643,2021
TA-AC0362,Tamil Nadu,Urban,DMK,56.17,3.0564,10.3312,2021
AS-AC0363,Assam,Semi-Urban,BJP,73.44,16.0558,3.5902,2021
AS-AC0364,Assam,Urban,AGP,70.11,18.0969,4.2497,2021
KE-AC0365,Kerala,Urban,INC,68.1,-7.8848,-5.6477,2021
KE-AC0366,Kerala,Rural,LDF,73.59,13.4299,3.8961,2021
TA-AC0367,Tamil Nadu,Rural,BJP,95.0,29.513,0.422,2021
TA-AC0368,Tamil Nadu,Rural,DMK,86.99,35.161,7.1595,2021
WE-AC0369,West Bengal,Rural,BJP,88.41,14.3682,-2.2335,2021
AS-AC0370,Assam,Semi-Urban,BJP,86.47,35.3956,16.2547,2021
KE-AC0371,Kerala,Urban,LDF,61.6,2.0294,0.4387,2021
WE-AC0372,West Bengal,Semi-Urban,CPIM,66.42,18.9015,-22.4689,2021
AS-AC0373,Assam,Rural,AIUDF,80.58,47.7943,13.4618,2021
TA-AC0374,Tamil Nadu,Rural,BJP,68.83,-9.6986,-1.8453,2021
TA-AC0375,Tamil Nadu,Rural,BJP,84.17,13.8997,3.0563,2021
AS-AC0376,Assam,Urban,AGP,76.8,46.0382,27.5011,2021
TA-AC0377,Tamil Nadu,Rural,AIADMK,82.32,16.3578,13.0748,2021
WE-AC0378,West Bengal,Urban,BJP,67.42,28.3507,4.1223,2021
TA-AC0379,Tamil Nadu,Rural,AIADMK,84.02,-4.8966,-17.6058,2021
AS-AC0380,Assam,Rural,AIUDF,85.13,11.5202,2.4042,2021
TA-AC0381,Tamil Nadu,Semi-Urban,DMK,81.97,16.0204,5.3199,2021
PU-AC0382,Puducherry,Semi-Urban,DMK,68.14,10.4657,4.9666,2021
AS-AC0383,Assam,Rural,INC,83.29,5.2567,-5.0738,2021
PU-AC0384,Puducherry,Semi-Urban,BJP,66.82,-8.3559,-2.6345,2021
PU-AC0385,Puducherry,Rural,AINRC,83.09,22.4013,5.8995,2021
KE-AC0386,Kerala,Semi-Urban,BJP,77.3,44.086,3.1573,2021
PU-AC0387,Puducherry,Rural,DMK,83.24,10.6417,11.1336,2021
TA-AC0388,Tamil Nadu,Rural,BJP,95.0,56.7031,5.7703,2021
KE-AC0389,Kerala,Rural,UDF,78.44,26.626,-13.9931,2021
TA-AC0390,Tamil Nadu,Rural,DMK,79.88,24.0694,5.4932,2021
KE-AC0391,Kerala,Semi-Urban,BJP,77.46,15.2224,6.5239,2021
WE-AC0392,West Bengal,Rural,BJP,86.01,20.0815,16.8501,2021
TA-AC0393,Tamil Nadu,Rural,AIADMK,89.33,35.3724,8.5398,2021
AS-AC0394,Assam,Semi-Urban,INC,73.68,19.6532,-3.1254,2021
TA-AC0395,Tamil Nadu,Semi-Urban,INC,84.6,8.144,-1.5084,2021
TA-AC0396,Tamil Nadu,Urban,BJP,72.23,12.9235,7.9918,2021
KE-AC0397,Kerala,Rural,INC,86.24,33.1915,8.2034,2021
PU-AC0398,Puducherry,Urban,DMK,54.82,-6.6827,-7.4658,2021
AS-AC0399,Assam,Urban,AGP,54.43,-15.7498,-4.8405,2021
TA-AC0400,Tamil Nadu,Urban,INC,64.1,-4.1822,3.3207,2021
TA-AC0401,Tamil Nadu,Semi-Urban,INC,77.08,14.6242,-12.174,2021
KE-AC0402,Kerala,Urban,UDF,63.28,6.2849,-0.3766,2021
PU-AC0403,Puducherry,Rural,DMK,95.0,24.3568,0.6512,2021
TA-AC0404,Tamil Nadu,Rural,BJP,79.93,-4.7606,-4.9938,2021
AS-AC0405,Assam,Rural,AGP,85.15,17.2661,10.5443,2021
KE-AC0406,Kerala,Rural,UDF,91.7,29.6387,16.2596,2021
AS-AC0407,Assam,Semi-Urban,BJP,68.88,9.9499,-4.0107,2021
KE-AC0408,Kerala,Urban,INC,63.25,27.2987,-1.9084,2021
WE-AC0409,West Bengal,Rural,CPIM,90.02,25.0812,16.2835,2021
WE-AC0410,West Bengal,Urban,INC,68.62,22.8401,6.2442,2021
TA-AC0411,Tamil Nadu,Rural,INC,84.22,-0.1237,-11.8389,2021
TA-AC0412,Tamil Nadu,Urban,DMK,73.41,15.2816,13.6515,2021
PU-AC0413,Puducherry,Urban,INC,49.71,17.6703,13.8834,2021
KE-AC0414,Kerala,Urban,UDF,65.09,31.2727,2.2149,2021
AS-AC0415,Assam,Rural,INC,76.48,13.6193,2.8733,2021
WE-AC0416,West Bengal,Rural,BJP,89.73,12.2783,4.8546,2021
KE-AC0417,Kerala,Rural,UDF,78.38,1.8385,-11.1827,2021
TA-AC0418,Tamil Nadu,Rural,INC,81.24,11.4532,-4.6857,2021
WE-AC0419,West Bengal,Rural,BJP,90.66,12.1088,5.4607,2021
PU-AC0420,Puducherry,Semi-Urban,AINRC,80.77,61.7178,14.7267,2021
AS-AC0421,Assam,Rural,AGP,67.97,-5.2768,-12.5138,2021
TA-AC0422,Tamil Nadu,Semi-Urban,DMK,57.41,-25.9202,-29.9114,2021
TA-AC0423,Tamil Nadu,Rural,DMK,69.8,12.5157,-3.4665,2021
KE-AC0424,Kerala,Urban,BJP,67.03,36.663,-2.3656,2021
AS-AC0425,Assam,Rural,AGP,74.19,3.8381,-4.9276,2021
WE-AC0426,West Bengal,Semi-Urban,BJP,64.97,12.8076,-7.3247,2021
AS-AC0427,Assam,Rural,AIUDF,81.78,-5.8015,-12.156,2021
AS-AC0428,Assam,Rural,AGP,86.8,19.0485,-20.4912,2021
KE-AC0429,Kerala,Semi-Urban,LDF,64.74,17.8584,-0.9712,2021
PU-AC0430,Puducherry,Urban,BJP,71.43,10.4053,-2.1221,2021
TA-AC0431,Tamil Nadu,Rural,BJP,80.38,10.779,-15.2574,2021
TA-AC0432,Tamil Nadu,Rural,BJP,76.57,3.6078,-3.0163,2021
WE-AC0433,West Bengal,Urban,TMC,60.24,19.8104,4.3339,2021
WE-AC0434,West Bengal,Rural,TMC,61.48,-14.8302,5.5174,2021
KE-AC0435,Kerala,Rural,INC,69.41,-2.8715,-7.5885,2021
KE-AC0436,Kerala,Rural,BJP,81.39,7.3041,1.7046,2021
KE-AC0437,Kerala,Rural,INC,77.47,4.9071,6.757,2021
PU-AC0438,Puducherry,Rural,DMK,95.0,16.2425,0.0,2021
AS-AC0439,Assam,Rural,AGP,83.7,12.418,1.6102,2021
KE-AC0440,Kerala,Urban,BJP,61.73,-3.7207,-6.3912,2021
TA-AC0441,Tamil Nadu,Rural,AIADMK,69.93,-6.5723,7.5283,2021
AS-AC0442,Assam,Rural,BJP,84.96,17.3751,12.1897,2021
TA-AC0443,Tamil Nadu,Rural,INC,81.79,9.6499,-6.9215,2021
KE-AC0444,Kerala,Semi-Urban,UDF,75.78,4.3104,-3.3638,2021
WE-AC0445,West Bengal,Rural,BJP,86.2,25.9045,-0.0635,2021
PU-AC0446,Puducherry,Rural,INC,94.08,17.1685,11.1035,2021
WE-AC0447,West Bengal,Rural,CPIM,72.19,13.361,-5.0727,2021
WE-AC0448,West Bengal,Rural,CPIM,74.37,8.1432,-4.1149,2021
KE-AC0449,Kerala,Rural,BJP,79.55,5.602,-0.7437,2021
KE-AC0450,Kerala,Rural,LDF,73.37,-5.1153,0.6044,2021
PU-AC0451,Puducherry,Rural,AINRC,75.83,-0.4557,-5.0392,2021
PU-AC0452,Puducherry,Semi-Urban,INC,86.81,26.8593,-1.5604,2021
TA-AC0453,Tamil Nadu,Urban,AIADMK,71.7,17.1185,3.417,2021
TA-AC0454,Tamil Nadu,Urban,AIADMK,58.5,3.7818,6.0825,2021
AS-AC0455,Assam,Semi-Urban,AGP,56.11,-9.6612,-5.014,2021
AS-AC0456,Assam,Urban,INC,58.09,-6.915,0.7025,2021
WE-AC0457,West Bengal,Urban,TMC,74.59,20.9558,2.2375,2021
TA-AC0458,Tamil Nadu,Rural,BJP,95.0,17.253,20.5146,2021
KE-AC0459,Kerala,Urban,INC,67.06,10.5306,-16.6263,2021
WE-AC0460,West Bengal,Rural,INC,95.0,22.5474,20.0133,2021
TA-AC0461,Tamil Nadu,Rural,INC,91.67,33.4841,16.8844,2021
TA-AC0462,Tamil Nadu,Rural,DMK,69.56,6.5549,7.2148,2021
PU-AC0463,Puducherry,Rural,DMK,74.58,3.5537,6.091,2021
WE-AC0464,West Bengal,Semi-Urban,BJP,63.95,-16.5703,-2.3719,2021
AS-AC0465,Assam,Rural,BJP,94.79,29.4538,17.8931,2021
TA-AC0466,Tamil Nadu,Urban,AIADMK,78.2,29.0708,28.684,2021
PU-AC0467,Puducherry,Rural,AINRC,76.8,-0.3901,-2.7957,2021
PU-AC0468,Puducherry,Semi-Urban,BJP,81.49,15.1374,1.4809,2021
PU-AC0469,Puducherry,Urban,BJP,72.5,14.1613,17.3483,2021
WE-AC0470,West Bengal,Rural,CPIM,71.09,6.8105,2.8713,2021
KE-AC0471,Kerala,Rural,INC,81.54,2.3879,2.2659,2021
KE-AC0472,Kerala,Urban,INC,59.08,4.366,2.7474,2021
KE-AC0473,Kerala,Semi-Urban,INC,64.59,7.6906,-9.4551,2021
KE-AC0474,Kerala,Rural,BJP,85.83,6.2774,-9.9277,2021
AS-AC0475,Assam,Rural,BJP,88.96,16.4321,10.4821,2021
KE-AC0476,Kerala,Urban,BJP,71.57,19.4288,23.2004,2021
KE-AC0477,Kerala,Rural,BJP,79.6,14.5663,4.7517,2021
AS-AC0478,Assam,Rural,AGP,91.66,24.9481,12.865,2021
KE-AC0479,Kerala,Semi-Urban,INC,76.13,25.2714,6.9699,2021
WE-AC0480,West Bengal,Semi-Urban,INC,74.69,31.8297,3.498,2021
TA-AC0481,Tamil Nadu,Rural,AIADMK,78.18,-3.7336,3.3825,2021
KE-AC0482,Kerala,Rural,UDF,54.89,-25.2009,-13.5545,2021
WE-AC0483,West Bengal,Semi-Urban,BJP,69.44,0.1465,-11.9529,2021
KE-AC0484,Kerala,Rural,BJP,73.85,-5.6713,-7.2827,2021
TA-AC0485,Tamil Nadu,Semi-Urban,BJP,72.75,19.627,13.9073,2021
WE-AC0486,West Bengal,Rural,CPIM,68.9,-4.7975,-11.4937,2021
TA-AC0487,Tamil Nadu,Rural,INC,74.38,23.5839,-6.5251,2021
TA-AC0488,Tamil Nadu,Rural,DMK,68.5,-17.6619,-16.1881,2021
TA-AC0489,Tamil Nadu,Rural,BJP,88.01,37.7844,-0.8338,2021
WE-AC0490,West Bengal,Semi-Urban,BJP,64.91,6.6144,0.6886,2021
KE-AC0491,Kerala,Urban,LDF,62.54,-10.8199,-13.6308,2021
TA-AC0492,Tamil Nadu,Semi-Urban,AIADMK,81.4,32.1019,17.4674,2021
AS-AC0493,Assam,Rural,AIUDF,82.84,8.9049,5.6346,2021
TA-AC0494,Tamil Nadu,Urban,AIADMK,50.82,-4.2724,-5.4817,2021
PU-AC0495,Puducherry,Semi-Urban,BJP,66.55,-5.6641,-13.9239,2021
PU-AC0496,Puducherry,Semi-Urban,INC,70.1,22.0532,5.2433,2021
PU-AC0497,Puducherry,Rural,BJP,61.57,-18.2743,-19.4923,2021
TA-AC0498,Tamil Nadu,Rural,DMK,76.55,13.5331,-3.6727,2021
TA-AC0499,Tamil Nadu,Semi-Urban,BJP,66.84,-5.4639,5.0245,2021
WE-AC0500,West Bengal,Rural,TMC,83.46,10.2214,11.3429,2021
WE-AC0501,West Bengal,Urban,TMC,54.83,2.6732,2.1146,2021
TA-AC0502,Tamil Nadu,Rural,DMK,86.96,30.7,-11.162,2021
AS-AC0503,Assam,Rural,AGP,89.29,7.1549,0.3956,2021
AS-AC0504,Assam,Rural,AIUDF,89.62,8.0054,2.82,2021
TA-AC0505,Tamil Nadu,Rural,INC,95.0,10.7717,6.0264,2021
KE-AC0506,Kerala,Rural,BJP,79.88,10.3474,20.6791,2021
TA-AC0507,Tamil Nadu,Rural,BJP,89.29,20.5358,15.9444,2021
KE-AC0508,Kerala,Rural,BJP,86.67,16.7253,-10.7738,2021
PU-AC0509,Puducherry,Rural,INC,84.42,15.6518,-6.1192,2021
AS-AC0510,Assam,Rural,BJP,73.72,7.7989,1.2308,2021
KE-AC0511,Kerala,Rural,LDF,77.87,18.6216,0.5166,2021
WE-AC0512,West Bengal,Semi-Urban,CPIM,84.0,18.6652,3.9167,2021
KE-AC0513,Kerala,Urban,LDF,55.14,1.0268,-5.675,2021
PU-AC0514,Puducherry,Rural,INC,71.59,-4.9395,0.9412,2021
AS-AC0515,Assam,Rural,INC,89.08,16.4346,-14.7944,2021
PU-AC0516,Puducherry,Semi-Urban,BJP,74.49,1.6288,4.5089,2021
PU-AC0517,Puducherry,Rural,BJP,81.96,1.7112,10.8198,2021
PU-AC0518,Puducherry,Semi-Urban,BJP,81.48,35.9875,10.5441,2021
WE-AC0519,West Bengal,Urban,INC,72.37,23.9955,8.1109,2021
TA-AC0520,Tamil Nadu,Urban,INC,64.96,10.3913,0.4562,2021
WE-AC0521,West Bengal,Rural,TMC,89.35,22.9906,13.789,2021
KE-AC0522,Kerala,Urban,BJP,65.96,14.8762,7.1728,2021
TA-AC0523,Tamil Nadu,Rural,BJP,80.98,1.9756,3.6414,2021
TA-AC0524,Tamil Nadu,Urban,BJP,55.58,2.1504,-1.0923,2021
KE-AC0525,Kerala,Semi-Urban,INC,73.1,6.4642,-7.2196,2021
AS-AC0526,Assam,Rural,AIUDF,76.6,9.2291,-0.4219,2021
KE-AC0527,Kerala,Rural,INC,76.52,10.9385,7.0461,2021
PU-AC0528,Puducherry,Semi-Urban,DMK,61.26,-10.2159,2.1931,2021
TA-AC0529,Tamil Nadu,Rural,AIADMK,78.74,0.3737,7.9329,2021
PU-AC0530,Puducherry,Urban,AINRC,61.71,3.7892,2.2148,2021
PU-AC0531,Puducherry,Urban,BJP,53.8,-6.6504,-6.3905,2021
PU-AC0532,Puducherry,Rural,INC,83.05,-2.0823,4.0319,2021
TA-AC0533,Tamil Nadu,Rural,AIADMK,79.1,-3.1444,-19.4507,2021
WE-AC0534,West Bengal,Rural,TMC,76.38,21.3647,7.0269,2021
TA-AC0535,Tamil Nadu,Rural,INC,72.4,-18.9335,-7.9422,2021
TA-AC0536,Tamil Nadu,Urban,BJP,55.83,-12.3817,-19.6892,2021
TA-AC0537,Tamil Nadu,Semi-Urban,AIADMK,74.54,14.3166,-0.1109,2021
TA-AC0538,Tamil Nadu,Rural,INC,71.44,-3.3388,-5.1714,2021
KE-AC0539,Kerala,Urban,LDF,49.16,-9.7825,-13.2579,2021
KE-AC0540,Kerala,Semi-Urban,BJP,59.37,-0.2229,-3.267,2021
KE-AC0541,Kerala,Rural,LDF,86.81,13.1138,-4.1241,2021
TA-AC0542,Tamil Nadu,Rural,AIADMK,71.99,-8.1531,-10.1588,2021
KE-AC0543,Kerala,Rural,BJP,79.37,6.2114,10.1881,2021
PU-AC0544,Puducherry,Rural,INC,73.48,22.9085,-8.2427,2021
AS-AC0545,Assam,Urban,AGP,63.67,-0.0958,-5.4936,2021
PU-AC0546,Puducherry,Rural,INC,82.72,17.0548,4.8091,2021
PU-AC0547,Puducherry,Rural,AINRC,75.12,18.3132,-10.8437,2021
AS-AC0548,Assam,Urban,AIUDF,54.52,0.4102,-13.7174,2021
KE-AC0549,Kerala,Rural,BJP,62.54,-23.428,-5.1868,2021
AS-AC0550,Assam,Urban,INC,59.3,8.3312,-5.7775,2021
WE-AC0551,West Bengal,Urban,TMC,55.69,-5.2341,-2.1561,2021
PU-AC0552,Puducherry,Rural,INC,83.19,-5.444,-15.5383,2021
WE-AC0553,West Bengal,Urban,CPIM,52.42,17.9272,11.919,2021
KE-AC0554,Kerala,Urban,UDF,54.39,-11.8882,-3.1056,2021
AS-AC0555,Assam,Rural,AGP,83.4,13.8742,8.2467,2021
WE-AC0556,West Bengal,Rural,CPIM,94.04,21.7925,13.129,2021
PU-AC0557,Puducherry,Rural,BJP,74.88,2.1196,-6.1714,2021
AS-AC0558,Assam,Urban,BJP,63.63,12.3063,-9.3066,2021
AS-AC0559,Assam,Urban,BJP,67.32,17.3136,-0.5942,2021
TA-AC0560,Tamil Nadu,Rural,AIADMK,57.68,-10.485,-11.809,2021
AS-AC0561,Assam,Semi-Urban,AIUDF,79.73,19.3656,4.4262,2021
TA-AC0562,Tamil Nadu,Semi-Urban,INC,89.21,40.9024,10.8443,2021
KE-AC0563,Kerala,Rural,LDF,78.16,-5.6947,-12.7903,2021
WE-AC0564,West Bengal,Rural,TMC,73.32,0.7676,-2.395,2021
KE-AC0565,Kerala,Rural,BJP,85.97,4.523,1.3167,2021
WE-AC0566,West Bengal,Rural,TMC,75.48,31.2253,-14.962,2021
KE-AC0567,Kerala,Semi-Urban,BJP,78.39,15.7655,-10.4966,2021
AS-AC0568,Assam,Rural,AGP,65.85,7.1308,0.9018,2021
AS-AC0569,Assam,Urban,AGP,59.88,-13.5978,-4.7126,2021
WE-AC0570,West Bengal,Rural,CPIM,76.35,18.4318,3.6065,2021
PU-AC0571,Puducherry,Rural,BJP,62.2,-18.1175,-6.2988,2021
AS-AC0572,Assam,Urban,AIUDF,53.35,-14.4844,1.9868,2021
PU-AC0573,Puducherry,Rural,DMK,80.93,0.6432,-2.5985,2021
TA-AC0574,Tamil Nadu,Rural,BJP,83.51,20.9706,2.718,2021
AS-AC0575,Assam,Semi-Urban,INC,70.43,2.3249,1.4101,2021
PU-AC0576,Puducherry,Rural,AINRC,68.87,-11.6975,-1.9869,2021
PU-AC0577,Puducherry,Rural,BJP,73.73,7.8924,-4.1569,2021
AS-AC0578,Assam,Rural,AGP,87.37,10.7429,9.4401,2021
WE-AC0579,West Bengal,Rural,BJP,89.24,15.8039,8.0912,2021
TA-AC0580,Tamil Nadu,Rural,AIADMK,79.67,10.4372,-14.646,2021
WE-AC0581,West Bengal,Urban,INC,64.58,5.1429,1.26,2021
PU-AC0582,Puducherry,Urban,BJP,61.44,-5.5345,-19.1164,2021
TA-AC0583,Tamil Nadu,Semi-Urban,AIADMK,79.63,8.1385,-3.8736,2021
PU-AC0584,Puducherry,Rural,BJP,82.42,0.9751,-8.9285,2021
WE-AC0585,West Bengal,Rural,BJP,83.35,3.8372,-6.2488,2021
AS-AC0586,Assam,Semi-Urban,BJP,61.99,-7.9038,-5.239,2021
TA-AC0587,Tamil Nadu,Rural,DMK,88.74,3.5622,-15.6458,2021
TA-AC0588,Tamil Nadu,Rural,AIADMK,65.25,-19.2828,-10.3981,2021
TA-AC0589,Tamil Nadu,Rural,BJP,76.9,-9.1888,-0.6696,2021
KE-AC0590,Kerala,Rural,BJP,77.66,7.8632,-21.5559,2021
AS-AC0591,Assam,Semi-Urban,AIUDF,70.91,16.9906,10.7968,2021
AS-AC0592,Assam,Urban,BJP,56.56,25.0091,3.188,2021
AS-AC0593,Assam,Urban,BJP,55.56,4.9062,-18.3636,2021
TA-AC0594,Tamil Nadu,Urban,AIADMK,74.4,6.9004,-4.4215,2021
WE-AC0595,West Bengal,Urban,TMC,65.45,9.7278,9.8232,2021
WE-AC0596,West Bengal,Urban,CPIM,56.15,-9.0043,-3.6943,2021
WE-AC0597,West Bengal,Rural,CPIM,74.26,-4.5591,0.8986,2021
AS-AC0598,Assam,Rural,INC,69.04,-16.7745,-9.6974,2021
PU-AC0599,Puducherry,Rural,INC,83.95,-6.4868,-1.8207,2021
KE-AC0600,Kerala,Urban,UDF,68.36,11.3081,1.6856,2021
TA-AC0601,Tamil Nadu,Semi-Urban,DMK,62.57,-3.6457,-16.4255,2021
TA-AC0602,Tamil Nadu,Rural,DMK,88.95,29.5613,-3.354,2021
AS-AC0603,Assam,Semi-Urban,BJP,67.38,-5.8657,-6.0115,2021
KE-AC0604,Kerala,Urban,BJP,53.82,5.6358,-3.473,2021
KE-AC0605,Kerala,Rural,INC,73.77,-2.4804,-15.4312,2021
AS-AC0606,Assam,Rural,AIUDF,90.73,16.3511,5.242,2021
TA-AC0607,Tamil Nadu,Rural,AIADMK,78.83,1.9638,-2.8679,2021
PU-AC0608,Puducherry,Rural,AINRC,87.96,8.8022,-3.2812,2021
AS-AC0609,Assam,Urban,AIUDF,68.37,20.8493,15.9495,2021
AS-AC0610,Assam,Semi-Urban,INC,80.61,10.2293,15.293,2021
TA-AC0611,Tamil Nadu,Rural,AIADMK,82.88,15.558,12.051,2021
TA-AC0612,Tamil Nadu,Urban,BJP,52.66,1.263,-8.1447,2021
WE-AC0613,West Bengal,Urban,BJP,68.79,7.2226,-2.4263,2021
AS-AC0614,Assam,Semi-Urban,AGP,56.81,-9.8867,-9.8422,2021
PU-AC0615,Puducherry,Semi-Urban,AINRC,73.98,8.7483,11.2791,2021
WE-AC0616,West Bengal,Rural,CPIM,78.49,5.0204,10.8268,2021
TA-AC0617,Tamil Nadu,Semi-Urban,DMK,74.92,0.5114,-9.243,2021
KE-AC0618,Kerala,Rural,BJP,81.59,4.1071,9.5532,2021
KE-AC0619,Kerala,Rural,BJP,79.24,-3.5837,-8.4974,2021
WE-AC0620,West Bengal,Rural,TMC,71.7,8.99,9.1309,2021
AS-AC0621,Assam,Urban,INC,70.72,4.6728,-6.1746,2021
PU-AC0622,Puducherry,Semi-Urban,DMK,54.11,29.8608,-16.2478,2021
WE-AC0623,West Bengal,Urban,TMC,80.2,39.4414,2.9906,2021
AS-AC0624,Assam,Semi-Urban,AIUDF,74.47,5.5016,-6.1683,2021
AS-AC0625,Assam,Rural,BJP,85.02,7.9768,-5.3273,2021
TA-AC0626,Tamil Nadu,Rural,AIADMK,86.04,38.3264,5.1133,2021
TA-AC0627,Tamil Nadu,Urban,BJP,66.6,13.2999,3.486,2021
WE-AC0628,West Bengal,Semi-Urban,CPIM,71.51,14.6584,-4.5639,2021
TA-AC0629,Tamil Nadu,Urban,BJP,49.95,-8.1709,6.0891,2021
WE-AC0630,West Bengal,Semi-Urban,BJP,86.84,21.2967,10.4531,2021
PU-AC0631,Puducherry,Urban,BJP,65.89,28.6171,2.6458,2021
KE-AC0632,Kerala,Urban,BJP,61.18,5.1631,-15.1296,2021
WE-AC0633,West Bengal,Rural,BJP,77.95,-0.0188,-20.2365,2021
PU-AC0634,Puducherry,Rural,INC,81.73,10.3285,-1.2678,2021
AS-AC0635,Assam,Urban,AIUDF,46.32,3.3863,-4.0347,2021
PU-AC0636,Puducherry,Rural,AINRC,77.55,28.1188,4.1768,2021
TA-AC0637,Tamil Nadu,Urban,INC,83.05,36.4813,9.7919,2021
PU-AC0638,Puducherry,Rural,DMK,78.85,0.0789,-3.3831,2021
KE-AC0639,Kerala,Rural,INC,78.12,4.3312,-0.1172,2021
AS-AC0640,Assam,Urban,BJP,62.94,3.5404,-2.8219,2021
TA-AC0641,Tamil Nadu,Rural,INC,55.13,-17.5877,-13.5251,2021
WE-AC0642,West Bengal,Semi-Urban,CPIM,72.25,22.1272,4.8908,2021
PU-AC0643,Puducherry,Rural,DMK,68.95,-0.8889,-9.1281,2021
KE-AC0644,Kerala,Rural,INC,84.1,8.3655,-2.4105,2021
WE-AC0645,West Bengal,Rural,TMC,64.26,-19.6743,-27.7422,2021
TA-AC0646,Tamil Nadu,Rural,INC,80.82,15.0664,-3.0335,2021
AS-AC0647,Assam,Rural,INC,64.84,11.2225,-7.7344,2021
KE-AC0648,Kerala,Urban,LDF,65.56,6.5662,-0.5739,2021
PU-AC0649,Puducherry,Rural,BJP,78.79,8.7193,-14.2612,2021
KE-AC0650,Kerala,Rural,LDF,82.47,4.4953,4.343,2021
AS-AC0651,Assam,Rural,BJP,77.25,14.0178,-1.5068,2021
PU-AC0652,Puducherry,Semi-Urban,INC,62.94,2.7841,-4.9877,2021
WE-AC0653,West Bengal,Rural,INC,74.62,25.3077,-2.9841,2021
WE-AC0654,West Bengal,Urban,TMC,66.66,7.9749,6.9514,2021
TA-AC0655,Tamil Nadu,Urban,BJP,65.32,11.0254,-7.1496,2021
KE-AC0656,Kerala,Semi-Urban,UDF,82.53,15.0883,-3.151,2021
AS-AC0657,Assam,Rural,INC,88.04,1.5401,-2.5368,2021
PU-AC0658,Puducherry,Urban,BJP,54.27,-17.6763,-20.1993,2021
WE-AC0659,West Bengal,Rural,BJP,86.26,15.2666,19.8667,2021
PU-AC0660,Puducherry,Rural,AINRC,84.17,26.0162,7.718,2021
AS-AC0661,Assam,Rural,AGP,89.12,34.8292,14.7191,2021
WE-AC0662,West Bengal,Rural,BJP,87.44,18.0103,19.0164,2021
WE-AC0663,West Bengal,Semi-Urban,BJP,80.56,4.1426,2.0407,2021
TA-AC0664,Tamil Nadu,Rural,DMK,87.11,8.3053,-9.4102,2021
PU-AC0665,Puducherry,Rural,DMK,73.37,16.1738,-11.5841,2021
TA-AC0666,Tamil Nadu,Rural,INC,71.95,-4.8653,-16.3134,2021
AS-AC0667,Assam,Rural,AGP,87.46,14.6445,11.0583,2021
PU-AC0668,Puducherry,Rural,AINRC,72.95,32.9294,-15.0624,2021
PU-AC0669,Puducherry,Urban,BJP,42.24,-28.6344,-12.4729,2021
TA-AC0670,Tamil Nadu,Semi-Urban,DMK,85.75,22.0876,2.6308,2021
WE-AC0671,West Bengal,Urban,CPIM,59.8,-1.5911,0.241,2021
TA-AC0672,Tamil Nadu,Semi-Urban,DMK,76.69,20.2078,-5.5511,2021
PU-AC0673,Puducherry,Semi-Urban,INC,92.02,24.3077,1.118,2021
TA-AC0674,Tamil Nadu,Urban,AIADMK,57.12,19.7352,-0.0191,2021
WE-AC0675,West Bengal,Rural,CPIM,71.56,12.9878,4.7341,2021
WE-AC0676,West Bengal,Urban,CPIM,67.04,-1.0051,5.7069,2021
PU-AC0677,Puducherry,Semi-Urban,BJP,76.7,12.2991,11.1017,2021
AS-AC0678,Assam,Rural,BJP,77.68,-3.3559,-8.0478,2021
AS-AC0679,Assam,Rural,AGP,77.16,11.8739,6.6884,2021
TA-AC0680,Tamil Nadu,Urban,DMK,62.48,0.9202,-10.2917,2021
PU-AC0681,Puducherry,Urban,AINRC,71.95,30.6765,7.3751,2021
PU-AC0682,Puducherry,Rural,BJP,67.6,-6.0932,-31.767,2021
TA-AC0683,Tamil Nadu,Rural,AIADMK,93.79,31.1436,23.9155,2021
TA-AC0684,Tamil Nadu,Rural,AIADMK,74.03,-9.8353,-12.5613,2021
AS-AC0685,Assam,Rural,AGP,73.16,4.9664,-5.8588,2021
WE-AC0686,West Bengal,Urban,INC,62.83,-8.5193,-19.1406,2021
PU-AC0687,Puducherry,Semi-Urban,INC,74.33,5.5035,-8.7444,2021
TA-AC0688,Tamil Nadu,Urban,AIADMK,63.07,20.2748,5.5814,2021
TA-AC0689,Tamil Nadu,Semi-Urban,BJP,49.9,-10.423,1.3441,2021
WE-AC0690,West Bengal,Rural,BJP,65.91,-3.3944,-7.5877,2021
KE-AC0691,Kerala,Urban,INC,71.65,17.2255,5.3098,2021
TA-AC0692,Tamil Nadu,Urban,DMK,60.13,0.3104,-12.7842,2021
KE-AC0693,Kerala,Urban,LDF,66.51,26.9929,17.8742,2021
PU-AC0694,Puducherry,Rural,AINRC,77.43,-4.2877,-2.3876,2021
WE-AC0695,West Bengal,Rural,INC,65.97,-6.4829,7.8559,2021
AS-AC0696,Assam,Rural,AIUDF,72.94,-4.4217,-2.3437,2021
KE-AC0697,Kerala,Rural,BJP,84.54,29.5964,-7.6933,2021
TA-AC0698,Tamil Nadu,Rural,INC,91.51,18.0332,6.7539,2021
PU-AC0699,Puducherry,Urban,BJP,54.78,-1.2328,0.3986,2021
AS-AC0700,Assam,Urban,INC,50.81,-17.303,17.5481,2021
TA-AC0701,Tamil Nadu,Semi-Urban,AIADMK,91.8,35.7996,3.0524,2021
WE-AC0702,West Bengal,Urban,INC,65.06,2.1659,-8.5757,2021
TA-AC0703,Tamil Nadu,Rural,AIADMK,95.0,10.636,0.0,2021
KE-AC0704,Kerala,Semi-Urban,LDF,75.27,10.2971,-14.0007,2021
TA-AC0705,Tamil Nadu,Rural,DMK,93.69,26.6826,3.2729,2021
KE-AC0706,Kerala,Rural,UDF,71.58,-11.8374,-1.7363,2021
WE-AC0707,West Bengal,Urban,CPIM,65.74,20.0659,-3.9218,2021
TA-AC0708,Tamil Nadu,Rural,AIADMK,90.13,25.7382,-0.8105,2021
PU-AC0709,Puducherry,Rural,INC,75.74,-4.6829,11.4086,2021
WE-AC0710,West Bengal,Rural,TMC,72.74,-5.2905,-2.499,2021
AS-AC0711,Assam,Rural,INC,78.87,0.3015,-0.4897,2021
AS-AC0712,Assam,Rural,AIUDF,77.14,-6.4817,-4.5341,2021
PU-AC0713,Puducherry,Rural,BJP,89.35,11.6712,1.7558,2021
WE-AC0714,West Bengal,Urban,TMC,68.61,35.6506,-0.6787,2021
AS-AC0715,Assam,Semi-Urban,AIUDF,73.49,15.7718,7.2588,2021
WE-AC0716,West Bengal,Semi-Urban,INC,75.91,46.6735,5.3843,2021
PU-AC0717,Puducherry,Urban,AINRC,75.99,22.4784,5.2185,2021
PU-AC0718,Puducherry,Urban,INC,74.16,33.3042,8.5554,2021
TA-AC0719,Tamil Nadu,Rural,INC,89.41,12.1761,-1.0945,2021
KE-AC0720,Kerala,Rural,LDF,92.51,19.1354,21.026,2021
WE-AC0721,West Bengal,Rural,TMC,72.62,-3.77,-2.122,2021
TA-AC0722,Tamil Nadu,Rural,DMK,76.39,-3.402,-8.7121,2021
TA-AC0723,Tamil Nadu,Rural,DMK,85.0,12.655,-7.7724,2021
AS-AC0724,Assam,Urban,INC,75.52,28.0137,-1.2758,2021
KE-AC0725,Kerala,Rural,UDF,67.57,-10.3558,-5.57,2021
WE-AC0726,West Bengal,Urban,CPIM,74.08,2.054,-2.5021,2021
AS-AC0727,Assam,Semi-Urban,INC,79.53,18.2521,4.5492,2021
KE-AC0728,Kerala,Semi-Urban,BJP,75.08,20.8941,-2.4134,2021
TA-AC0729,Tamil Nadu,Rural,DMK,95.0,29.4019,0.0,2021
KE-AC0730,Kerala,Rural,UDF,72.7,-9.0282,3.1437,2021
WE-AC0731,West Bengal,Rural,INC,78.82,-3.8164,-2.7124,2021
WE-AC0732,West Bengal,Semi-Urban,CPIM,64.42,2.2853,4.6154,2021
WE-AC0733,West Bengal,Semi-Urban,INC,78.46,22.6561,-4.5068,2021
WE-AC0734,West Bengal,Urban,CPIM,55.75,-3.4645,5.3641,2021
KE-AC0735,Kerala,Urban,BJP,62.42,-3.658,-2.9208,2021
KE-AC0736,Kerala,Rural,LDF,80.24,15.4265,4.1971,2021
PU-AC0737,Puducherry,Urban,INC,69.83,24.1694,29.1817,2021
WE-AC0738,West Bengal,Rural,BJP,86.68,17.4958,9.7362,2021
PU-AC0739,Puducherry,Rural,BJP,85.68,18.1423,16.5817,2021
AS-AC0740,Assam,Semi-Urban,AGP,72.17,4.7459,-7.8693,2021
AS-AC0741,Assam,Rural,INC,80.12,11.3483,8.0278,2021
AS-AC0742,Assam,Rural,AGP,67.49,-1.8934,10.0626,2021
KE-AC0743,Kerala,Rural,LDF,80.92,1.0578,-3.4876,2021
WE-AC0744,West Bengal,Rural,CPIM,76.03,35.5475,-5.7137,2021
KE-AC0745,Kerala,Urban,LDF,58.87,-0.3529,-4.1823,2021
TA-AC0746,Tamil Nadu,Urban,INC,62.82,11.961,6.4221,2021
TA-AC0747,Tamil Nadu,Semi-Urban,DMK,85.72,22.1124,16.6701,2021
PU-AC0748,Puducherry,Rural,BJP,81.89,17.7005,8.3783,2021
TA-AC0749,Tamil Nadu,Rural,INC,86.53,17.2263,5.1028,2021
AS-AC0750,Assam,Semi-Urban,INC,71.77,-4.5904,-5.3857,2021
TA-AC0751,Tamil Nadu,Rural,DMK,76.49,25.422,12.2045,2021
AS-AC0752,Assam,Rural,BJP,73.63,8.6521,-8.6878,2021
KE-AC0753,Kerala,Urban,LDF,73.73,42.664,25.8791,2021
KE-AC0754,Kerala,Semi-Urban,INC,67.31,-16.8488,-20.7963,2021
TA-AC0755,Tamil Nadu,Semi-Urban,AIADMK,82.34,18.2865,13.6338,2021
WE-AC0756,West Bengal,Rural,TMC,73.12,8.4336,-18.68,2021
AS-AC0757,Assam,Rural,AGP,82.51,9.1265,-3.1267,2021
TA-AC0758,Tamil Nadu,Semi-Urban,BJP,59.82,-10.769,-3.4671,2021
KE-AC0759,Kerala,Rural,UDF,83.6,11.921,1.5688,2021
KE-AC0760,Kerala,Semi-Urban,INC,68.26,3.1647,0.9316,2021
WE-AC0761,West Bengal,Rural,TMC,92.11,34.7408,6.6558,2021
AS-AC0762,Assam,Rural,AIUDF,72.63,13.6566,3.2496,2021
WE-AC0763,West Bengal,Urban,TMC,63.04,10.8761,-6.4853,2021
TA-AC0764,Tamil Nadu,Rural,AIADMK,76.65,7.3829,-3.3038,2021
AS-AC0765,Assam,Rural,BJP,82.35,-3.3173,-0.2483,2021
WE-AC0766,West Bengal,Rural,TMC,75.59,3.4238,10.9242,2021
PU-AC0767,Puducherry,Rural,AINRC,70.14,0.335,1.141,2021
KE-AC0768,Kerala,Rural,INC,78.54,18.5388,5.242,2021
PU-AC0769,Puducherry,Rural,AINRC,84.84,8.7468,13.9317,2021
WE-AC0770,West Bengal,Rural,BJP,84.67,5.0673,7.701,2021
AS-AC0771,Assam,Semi-Urban,INC,63.7,1.0811,-10.006,2021
KE-AC0772,Kerala,Rural,UDF,69.5,-3.4331,-12.9964,2021
AS-AC0773,Assam,Urban,BJP,62.38,-0.1092,-2.5056,2021
KE-AC0774,Kerala,Semi-Urban,BJP,66.61,0.5703,11.4117,2021
WE-AC0775,West Bengal,Urban,CPIM,62.6,17.5714,11.1855,2021
TA-AC0776,Tamil Nadu,Urban,BJP,51.6,11.6057,-19.7596,2021
AS-AC0777,Assam,Rural,AIUDF,78.75,19.7151,-0.9108,2021
TA-AC0778,Tamil Nadu,Rural,INC,93.52,39.7577,-2.0422,2021
KE-AC0779,Kerala,Urban,BJP,53.01,11.5347,-5.2546,2021
AS-AC0780,Assam,Urban,INC,57.72,8.5913,-2.2189,2021
AS-AC0781,Assam,Semi-Urban,AGP,77.05,15.9653,10.3356,2021
AS-AC0782,Assam,Rural,AGP,94.44,22.1616,21.6122,2021
KE-AC0783,Kerala,Rural,UDF,81.05,4.9794,-6.2664,2021
PU-AC0784,Puducherry,Urban,BJP,59.79,17.8927,7.5454,2021
KE-AC0785,Kerala,Rural,UDF,75.44,-6.1572,-6.8859,2021
WE-AC0786,West Bengal,Semi-Urban,CPIM,73.28,-11.738,-2.0734,2021
WE-AC0787,West Bengal,Rural,CPIM,90.8,6.5283,6.1873,2021
WE-AC0788,West Bengal,Semi-Urban,CPIM,65.08,-9.0254,-17.5806,2021
PU-AC0789,Puducherry,Semi-Urban,INC,75.56,33.8952,8.5889,2021
WE-AC0790,West Bengal,Urban,TMC,64.69,5.655,12.2393,2021
AS-AC0791,Assam,Rural,AGP,76.87,-4.945,-8.497,2021
PU-AC0792,Puducherry,Urban,INC,72.09,20.722,7.8045,2021
AS-AC0793,Assam,Semi-Urban,AIUDF,67.3,8.732,0.0458,2021
WE-AC0794,West Bengal,Rural,TMC,80.66,10.5769,-10.9477,2021
KE-AC0795,Kerala,Rural,INC,75.14,1.2599,9.8814,2021
TA-AC0796,Tamil Nadu,Rural,BJP,75.79,-20.586,-6.1192,2021
WE-AC0797,West Bengal,Urban,CPIM,67.75,5.6164,10.2387,2021
PU-AC0798,Puducherry,Rural,BJP,88.86,7.0416,-2.5395,2021
AS-AC0799,Assam,Rural,AIUDF,80.57,11.224,-4.8427,2021
WE-AC0800,West Bengal,Semi-Urban,CPIM,73.05,32.1231,20.6738,2021
PU-AC0801,Puducherry,Semi-Urban,INC,67.88,18.0684,0.377,2021
TA-AC0802,Tamil Nadu,Rural,AIADMK,85.65,15.7625,-0.4296,2021
WE-AC0803,West Bengal,Urban,INC,52.94,-1.9409,1.738,2021
TA-AC0804,Tamil Nadu,Semi-Urban,AIADMK,86.18,25.5468,21.078,2021
WE-AC0805,West Bengal,Rural,TMC,83.22,25.6,-10.0791,2021
AS-AC0806,Assam,Semi-Urban,AGP,78.15,19.898,13.1862,2021
WE-AC0807,West Bengal,Rural,INC,92.78,39.4072,9.3864,2021
PU-AC0808,Puducherry,Semi-Urban,INC,55.51,3.8756,-16.1956,2021
KE-AC0809,Kerala,Rural,LDF,74.88,29.0171,-9.5677,2021
PU-AC0810,Puducherry,Rural,DMK,52.44,-21.5723,-1.1528,2021
KE-AC0811,Kerala,Rural,INC,79.58,13.2472,13.4515,2021
TA-AC0812,Tamil Nadu,Rural,BJP,77.92,-6.1713,-18.7699,2021
AS-AC0813,Assam,Rural,BJP,66.27,-11.0175,-17.4647,2021
WE-AC0814,West Bengal,Urban,BJP,62.55,7.9797,4.2706,2021
AS-AC0815,Assam,Semi-Urban,AIUDF,72.96,4.0423,-2.1716,2021
AS-AC0816,Assam,Rural,AGP,90.56,24.9463,18.9873,2021
AS-AC0817,Assam,Rural,BJP,85.75,19.0017,-4.2576,2021
KE-AC0818,Kerala,Urban,LDF,60.93,1.99,0.7306,2021
WE-AC0819,West Bengal,Urban,CPIM,49.8,-22.5561,-24.0507,2021
TA-AC0820,Tamil Nadu,Urban,INC,64.45,13.5787,1.4524,2021
WE-AC0821,West Bengal,Rural,BJP,77.25,19.6599,6.8064,2021
WE-AC0822,West Bengal,Urban,BJP,78.79,24.8066,7.5516,2021
TA-AC0823,Tamil Nadu,Semi-Urban,AIADMK,69.97,10.8249,-11.063,2021
KE-AC0824,Kerala,Rural,BJP,60.09,-0.6511,-11.6227,2021
AS-AC0825,Assam,Urban,INC,71.35,34.1073,28.335,2021
KE-AC0826,Kerala,Urban,BJP,58.16,-10.2436,-13.0284,2021
PU-AC0827,Puducherry,Urban,AINRC,57.38,-17.828,-18.6802,2021
PU-AC0828,Puducherry,Rural,AINRC,78.52,6.1718,-5.9376,2021
WE-AC0829,West Bengal,Rural,BJP,86.16,15.648,18.189,2021
WE-AC0830,West Bengal,Rural,CPIM,76.4,2.8426,0.3618,2021
KE-AC0831,Kerala,Rural,LDF,65.29,-13.7238,-10.465,2021
TA-AC0832,Tamil Nadu,Semi-Urban,AIADMK,87.29,11.9964,-3.1073,2021
PU-AC0833,Puducherry,Urban,AINRC,82.63,26.7975,5.945,2021
KE-AC0834,Kerala,Urban,BJP,59.4,-1.7225,14.4441,2021
TA-AC0835,Tamil Nadu,Rural,DMK,59.61,-8.8678,1.5954,2021
WE-AC0836,West Bengal,Urban,TMC,62.72,14.6102,15.7231,2021
AS-AC0837,Assam,Rural,AGP,79.73,1.9871,-5.3738,2021
WE-AC0838,West Bengal,Semi-Urban,BJP,61.76,-3.3547,-3.8654,2021
KE-AC0839,Kerala,Semi-Urban,BJP,76.13,17.6232,5.0913,2021
PU-AC0840,Puducherry,Semi-Urban,INC,76.29,-6.1631,-0.062,2021
KE-AC0841,Kerala,Semi-Urban,BJP,82.99,32.053,1.6678,2021
WE-AC0842,West Bengal,Rural,BJP,68.35,0.9468,-3.1986,2021
WE-AC0843,West Bengal,Semi-Urban,BJP,54.22,-7.601,-10.9799,2021
WE-AC0844,West Bengal,Semi-Urban,TMC,63.37,0.9226,-6.9215,2021
WE-AC0845,West Bengal,Urban,CPIM,68.9,32.2649,-10.6251,2021
TA-AC0846,Tamil Nadu,Rural,AIADMK,76.89,12.1738,-0.0753,2021
AS-AC0847,Assam,Rural,AGP,87.77,16.3768,-9.397,2021
TA-AC0848,Tamil Nadu,Rural,BJP,95.0,18.1857,0.0,2021
PU-AC0849,Puducherry,Urban,BJP,61.13,11.8795,8.336,2021
TA-AC0850,Tamil Nadu,Semi-Urban,DMK,77.93,16.5379,14.4032,2021
WE-AC0851,West Bengal,Rural,TMC,82.9,4.1039,1.1758,2021
PU-AC0852,Puducherry,Rural,INC,80.65,12.493,1.259,2021
WE-AC0853,West Bengal,Rural,CPIM,68.48,5.4267,7.7602,2021
AS-AC0854,Assam,Rural,AIUDF,71.64,16.8395,-4.4781,2021
KE-AC0855,Kerala,Rural,UDF,91.04,34.177,3.9291,2021
PU-AC0856,Puducherry,Rural,INC,84.37,5.9344,-12.2314,2021
WE-AC0857,West Bengal,Semi-Urban,BJP,76.97,20.9464,2.9965,2021
KE-AC0858,Kerala,Rural,BJP,75.74,19.2646,1.4587,2021
WE-AC0859,West Bengal,Urban,CPIM,61.66,15.2031,12.848,2021
AS-AC0860,Assam,Urban,BJP,54.72,2.2149,0.8841,2021
KE-AC0861,Kerala,Urban,UDF,51.12,-23.612,-5.8712,2021
WE-AC0862,West Bengal,Rural,CPIM,70.58,-9.1349,1.5334,2021
KE-AC0863,Kerala,Semi-Urban,BJP,70.15,13.6931,4.8637,2021
PU-AC0864,Puducherry,Rural,DMK,84.32,10.1634,11.7502,2021
KE-AC0865,Kerala,Semi-Urban,BJP,69.23,-8.2499,2.0217,2021
AS-AC0866,Assam,Rural,AGP,81.65,15.1364,8.2595,2021
WE-AC0867,West Bengal,Rural,INC,83.2,13.6435,9.6829,2021
KE-AC0868,Kerala,Semi-Urban,INC,71.45,2.8559,2.955,2021
AS-AC0869,Assam,Rural,BJP,68.83,-16.3972,-18.7818,2021
KE-AC0870,Kerala,Rural,LDF,75.13,-9.5621,-6.0242,2021
TA-AC0871,Tamil Nadu,Urban,INC,60.94,6.5592,7.3824,2021
WE-AC0872,West Bengal,Semi-Urban,INC,68.86,0.6635,2.3061,2021
KE-AC0873,Kerala,Rural,LDF,76.33,13.6451,10.6377,2021
AS-AC0874,Assam,Rural,INC,74.78,-4.0979,-8.3698,2021
AS-AC0875,Assam,Urban,AIUDF,61.13,10.5385,3.671,2021
WE-AC0876,West Bengal,Rural,INC,71.12,9.0762,7.73,2021
TA-AC0877,Tamil Nadu,Rural,BJP,73.54,-10.6367,11.596,2021
KE-AC0878,Kerala,Semi-Urban,UDF,73.58,10.334,-6.7242,2021
KE-AC0879,Kerala,Semi-Urban,BJP,73.46,9.2063,8.4604,2021
PU-AC0880,Puducherry,Semi-Urban,BJP,66.03,12.1438,-5.6601,2021
KE-AC0881,Kerala,Urban,BJP,51.65,-13.8711,-15.6462,2021
KE-AC0882,Kerala,Rural,INC,91.51,36.6602,17.3966,2021
KE-AC0883,Kerala,Urban,LDF,42.13,-3.0318,-2.4929,2021
WE-AC0884,West Bengal,Urban,CPIM,46.02,-4.4646,-9.0084,2021
KE-AC0885,Kerala,Semi-Urban,UDF,70.94,1.9471,-5.006,2021
PU-AC0886,Puducherry,Rural,AINRC,80.93,8.479,14.3967,2021
TA-AC0887,Tamil Nadu,Rural,INC,95.0,15.7081,11.6207,2021
TA-AC0888,Tamil Nadu,Rural,DMK,78.3,-7.8724,-13.0459,2021
WE-AC0889,West Bengal,Urban,CPIM,65.02,37.0116,-0.4115,2021
PU-AC0890,Puducherry,Semi-Urban,INC,67.24,5.6203,-6.3165,2021
WE-AC0891,West Bengal,Semi-Urban,TMC,86.08,23.0249,-6.9034,2021
PU-AC0892,Puducherry,Rural,AINRC,84.84,18.6866,-9.4772,2021
AS-AC0893,Assam,Rural,BJP,77.19,-12.5345,-8.2275,2021
PU-AC0894,Puducherry,Semi-Urban,DMK,65.1,33.1379,-8.0886,2021
TA-AC0895,Tamil Nadu,Rural,INC,76.53,0.3517,13.0065,2021
KE-AC0896,Kerala,Semi-Urban,UDF,83.43,19.3876,1.5389,2021
KE-AC0897,Kerala,Urban,UDF,62.15,5.9457,-0.5224,2021
PU-AC0898,Puducherry,Urban,DMK,64.13,26.4524,-3.1508,2021
PU-AC0899,Puducherry,Rural,AINRC,79.57,-0.8144,-9.0597,2021
TA-AC0900,Tamil Nadu,Rural,DMK,79.26,10.4875,9.0153,2021
TA-AC0901,Tamil Nadu,Urban,DMK,57.2,7.1309,1.6051,2021
PU-AC0902,Puducherry,Rural,BJP,71.17,9.8627,-6.2199,2021
PU-AC0903,Puducherry,Urban,BJP,57.69,11.2376,22.5827,2021
PU-AC0904,Puducherry,Rural,DMK,80.38,30.9327,2.7398,2021
TA-AC0905,Tamil Nadu,Urban,AIADMK,65.31,28.4391,-6.5088,2021
KE-AC0906,Kerala,Rural,INC,85.58,12.4063,6.239,2021
AS-AC0907,Assam,Rural,BJP,77.86,-6.5108,-10.1597,2021
TA-AC0908,Tamil Nadu,Rural,BJP,69.82,-7.6426,19.0112,2021
WE-AC0909,West Bengal,Urban,CPIM,65.91,-1.4628,-23.0147,2021
WE-AC0910,West Bengal,Rural,CPIM,76.89,11.7435,8.9229,2021
AS-AC0911,Assam,Urban,BJP,49.45,-6.8107,1.8022,2021
AS-AC0912,Assam,Rural,BJP,84.32,2.9255,4.3867,2021
TA-AC0913,Tamil Nadu,Rural,INC,82.25,16.0075,-9.2422,2021
WE-AC0914,West Bengal,Rural,BJP,75.87,0.5658,-4.9914,2021
PU-AC0915,Puducherry,Rural,DMK,76.87,8.3981,-15.3795,2021
TA-AC0916,Tamil Nadu,Semi-Urban,INC,55.24,-3.4829,-5.2267,2021
KE-AC0917,Kerala,Rural,BJP,73.39,-9.059,-8.6057,2021
PU-AC0918,Puducherry,Rural,DMK,95.0,13.5734,0.3658,2021
AS-AC0919,Assam,Semi-Urban,AIUDF,67.56,-0.1035,1.15,2021
AS-AC0920,Assam,Urban,BJP,52.35,1.3254,-12.1811,2021
KE-AC0921,Kerala,Rural,LDF,79.75,26.0203,14.8728,2021
TA-AC0922,Tamil Nadu,Semi-Urban,DMK,72.17,39.1744,-6.6353,2021
TA-AC0923,Tamil Nadu,Semi-Urban,BJP,63.38,-8.8844,-12.2301,2021
KE-AC0924,Kerala,Rural,LDF,69.37,-15.9741,-3.2758,2021
AS-AC0925,Assam,Urban,BJP,77.4,21.0635,-4.8332,2021
PU-AC0926,Puducherry,Urban,BJP,72.58,10.2474,8.846,2021
TA-AC0927,Tamil Nadu,Urban,INC,53.19,-7.3003,-6.416,2021
AS-AC0928,Assam,Rural,INC,94.66,13.0842,-0.8504,2021
KE-AC0929,Kerala,Urban,LDF,82.19,36.4176,17.0043,2021
PU-AC0930,Puducherry,Urban,AINRC,69.0,21.5673,2.8305,2021
TA-AC0931,Tamil Nadu,Urban,AIADMK,63.56,0.9817,2.0223,2021
KE-AC0932,Kerala,Semi-Urban,UDF,68.09,8.5161,-4.0205,2021
PU-AC0933,Puducherry,Urban,AINRC,46.58,-16.3153,-17.9841,2021
PU-AC0934,Puducherry,Semi-Urban,DMK,61.8,-1.0969,-20.3232,2021
PU-AC0935,Puducherry,Urban,INC,76.14,16.0125,4.8,2021
AS-AC0936,Assam,Semi-Urban,AIUDF,57.09,7.5316,5.1626,2021
TA-AC0937,Tamil Nadu,Semi-Urban,AIADMK,75.83,9.6572,-5.1082,2021
KE-AC0938,Kerala,Semi-Urban,LDF,81.97,22.3394,10.1476,2021
KE-AC0939,Kerala,Urban,INC,54.29,-4.4683,-15.4345,2021
WE-AC0940,West Bengal,Rural,BJP,71.1,-3.0503,-11.7776,2021
KE-AC0941,Kerala,Rural,BJP,66.0,-11.5388,0.0085,2021
AS-AC0942,Assam,Semi-Urban,AIUDF,84.1,10.8546,10.2642,2021
PU-AC0943,Puducherry,Urban,DMK,73.14,30.5539,21.9665,2021
PU-AC0944,Puducherry,Rural,INC,82.1,5.4393,18.808,2021
PU-AC0945,Puducherry,Urban,DMK,67.65,35.9912,7.6535,2021
AS-AC0946,Assam,Rural,AIUDF,68.54,-16.2778,-23.0198,2021
TA-AC0947,Tamil Nadu,Rural,INC,70.9,-7.9986,-13.1216,2021
PU-AC0948,Puducherry,Rural,AINRC,71.02,-13.6176,-5.913,2021
PU-AC0949,Puducherry,Rural,DMK,72.43,5.1124,-3.0249,2021
PU-AC0950,Puducherry,Semi-Urban,BJP,71.48,-0.1172,-1.2051,2021
WE-AC0951,West Bengal,Rural,BJP,79.01,2.8096,-6.3131,2021
WE-AC0952,West Bengal,Urban,INC,74.31,32.9889,20.133,2021
PU-AC0953,Puducherry,Urban,DMK,64.25,15.362,3.0901,2021
PU-AC0954,Puducherry,Urban,INC,53.9,-9.9309,-12.3386,2021
WE-AC0955,West Bengal,Semi-Urban,BJP,89.96,23.5562,5.5389,2021
PU-AC0956,Puducherry,Urban,BJP,67.03,7.8434,-1.5214,2021
PU-AC0957,Puducherry,Semi-Urban,INC,78.89,18.538,11.8583,2021
PU-AC0958,Puducherry,Rural,BJP,82.75,18.7868,-2.9045,2021
WE-AC0959,West Bengal,Semi-Urban,CPIM,77.51,13.685,14.5965,2021
PU-AC0960,Puducherry,Rural,DMK,91.56,28.4,5.9204,2021
AS-AC0961,Assam,Rural,BJP,78.17,21.8777,-2.2347,2021
KE-AC0962,Kerala,Rural,LDF,64.0,-5.1464,1.9493,2021
PU-AC0963,Puducherry,Rural,INC,77.01,4.6638,-8.2911,2021
AS-AC0964,Assam,Rural,AGP,70.2,-2.4492,-4.228,2021
PU-AC0965,Puducherry,Rural,DMK,71.66,-9.1004,-3.1686,2021
TA-AC0966,Tamil Nadu,Rural,BJP,93.45,17.4192,-1.9547,2021
KE-AC0967,Kerala,Rural,INC,76.28,1.705,18.115,2021
AS-AC0968,Assam,Rural,BJP,72.41,-2.8413,-0.4213,2021
WE-AC0969,West Bengal,Rural,CPIM,91.82,25.0873,1.7708,2021
KE-AC0970,Kerala,Rural,UDF,75.88,-5.8595,-8.089,2021
PU-AC0971,Puducherry,Urban,DMK,55.47,8.7133,5.53,2021
TA-AC0972,Tamil Nadu,Semi-Urban,DMK,55.84,-8.5552,-17.0437,2021
AS-AC0973,Assam,Rural,BJP,91.09,10.9962,5.7201,2021
PU-AC0974,Puducherry,Rural,DMK,84.71,40.65,6.2405,2021
KE-AC0975,Kerala,Semi-Urban,INC,86.71,28.5904,8.0241,2021
TA-AC0976,Tamil Nadu,Rural,BJP,76.95,2.6027,-9.0518,2021
PU-AC0977,Puducherry,Rural,BJP,74.81,15.2198,-1.6933,2021
KE-AC0978,Kerala,Rural,BJP,87.55,14.3847,11.8215,2021
KE-AC0979,Kerala,Rural,INC,84.59,32.4118,18.464,2021
WE-AC0980,West Bengal,Urban,CPIM,69.08,19.4191,9.4847,2021
WE-AC0981,West Bengal,Semi-Urban,INC,76.57,14.1147,6.441,2021
PU-AC0982,Puducherry,Urban,DMK,52.57,-15.3576,-10.3321,2021
AS-AC0983,Assam,Urban,AIUDF,62.09,14.9195,6.1432,2021
KE-AC0984,Kerala,Rural,BJP,74.35,-0.3762,5.4144,2021
PU-AC0985,Puducherry,Semi-Urban,INC,62.23,-8.7701,1.4806,2021
PU-AC0986,Puducherry,Semi-Urban,INC,77.84,19.8181,3.1791,2021
AS-AC0987,Assam,Rural,BJP,75.34,2.588,-12.0838,2021
TA-AC0988,Tamil Nadu,Rural,INC,77.62,-0.9931,-7.1718,2021
TA-AC0989,Tamil Nadu,Urban,AIADMK,62.06,25.4463,-16.9596,2021
AS-AC0990,Assam,Rural,BJP,80.65,7.8157,-3.1356,2021
AS-AC0991,Assam,Urban,AGP,55.21,3.7046,-2.4088,2021
TA-AC0992,Tamil Nadu,Rural,AIADMK,79.99,-4.6819,11.5129,2021
TA-AC0993,Tamil Nadu,Semi-Urban,INC,73.35,3.8004,1.5434,2021
PU-AC0994,Puducherry,Semi-Urban,AINRC,72.5,20.3642,-0.7749,2021
PU-AC0995,Puducherry,Urban,BJP,66.19,10.7604,-3.8234,2021
WE-AC0996,West Bengal,Rural,TMC,85.55,15.5629,5.0805,2021
KE-AC0997,Kerala,Rural,BJP,89.87,10.5196,7.3588,2021
KE-AC0998,Kerala,Rural,BJP,74.47,-12.5127,6.7217,2021
AS-AC0999,Assam,Urban,AGP,65.31,0.1151,3.9876,2021
WE-AC1000,West Bengal,Urban,INC,63.82,16.9944,0.7701,2021
