state_encoded,demographic_encoded,turnout_2016,turnout_2021,turnout_change_21,margin_2016,swing_2016,result_2016_encoded
3,0,53.94,61.06,7.1200000000000045,-1.4659,4.4977,1
3,0,63.7,55.83,-7.8700000000000045,1.7945,-6.9225,6
0,2,73.87,72.94,-0.9300000000000068,-2.7342,-3.9274,0
0,0,67.35,63.63,-3.7199999999999918,19.0071,-6.544,4
0,2,81.88,79.73,-2.1499999999999915,5.8562,-5.9932,3
4,2,73.91,74.26,0.3500000000000085,-5.2061,0.6268,5
1,1,83.31,82.26,-1.0499999999999972,15.8856,12.8976,10
0,1,67.1,67.56,0.46000000000000796,-0.9315,-14.4248,7
2,1,68.0,70.1,2.0999999999999943,18.2781,6.0837,7
0,0,60.02,71.35,11.329999999999991,13.7061,-15.5807,7
2,0,47.86,55.99,8.130000000000003,-1.0427,-21.7488,2
1,1,62.95,69.42,6.469999999999999,15.1881,-9.3702,10
2,0,69.04,72.58,3.539999999999992,3.8783,6.3103,4
2,2,80.9,78.52,-2.3800000000000097,10.4469,-0.0481,2
1,1,83.79,82.53,-1.2600000000000051,17.357,13.7478,10
2,2,80.07,78.05,-2.019999999999996,4.4734,14.9737,2
2,2,78.0,73.37,-4.6299999999999955,24.5144,-3.2348,6
4,2,82.02,89.37,7.3500000000000085,10.2747,3.6729,4
3,2,62.21,69.82,7.609999999999992,-21.3307,-17.3287,6
2,2,71.17,75.74,4.569999999999993,-12.8971,-5.107,4
4,2,74.17,68.76,-5.409999999999997,39.2159,9.8867,7
1,0,63.59,62.42,-1.1700000000000017,-1.555,-4.1999,8
3,2,80.57,76.95,-3.6199999999999903,9.12,16.0323,1
3,2,76.65,77.6,0.9499999999999886,26.192,10.6069,6
1,0,62.36,62.15,-0.21000000000000085,6.3218,-2.8209,10
1,2,72.18,78.13,5.949999999999989,21.8963,-14.7633,8
0,0,65.86,63.67,-2.1899999999999977,3.8596,4.0347,3
0,1,78.71,72.61,-6.099999999999994,21.4814,2.6385,7
3,0,67.91,65.31,-2.5999999999999943,33.1254,-0.6267,1
3,1,74.59,74.54,-0.04999999999999716,14.3965,3.2208,1
3,2,75.4,72.6,-2.8000000000000114,-2.3271,1.7368,1
2,0,67.72,66.19,-1.5300000000000011,13.5133,-2.9081,4
1,2,60.31,54.89,-5.420000000000002,-15.4417,-17.9389,7
2,2,69.66,68.87,-0.789999999999992,-10.267,-9.5014,2
0,2,95.0,95.0,0.0,36.2871,0.0,0
3,0,69.16,61.69,-7.469999999999999,20.956,23.1466,1
3,0,74.88,70.74,-4.140000000000001,34.5223,17.6986,7
0,2,71.89,70.2,-1.6899999999999977,0.595,6.5965,7
1,2,74.14,68.22,-5.920000000000002,13.6622,-0.7908,4
4,0,62.13,60.62,-1.5100000000000051,2.5026,-3.5481,9
1,1,68.92,73.4,4.480000000000004,0.3083,-20.2672,7
3,0,58.27,64.27,5.999999999999993,-12.8437,-14.2181,1
0,2,95.0,89.08,-5.920000000000002,27.0866,18.104,7
4,1,64.78,73.05,8.269999999999996,17.2379,3.5335,5
1,0,62.95,68.91,5.959999999999994,5.2094,-2.232,7
2,2,75.74,74.62,-1.1199999999999903,5.6485,2.8356,7
3,2,86.49,80.38,-6.109999999999999,21.7643,-4.5968,4
1,0,73.87,76.92,3.049999999999997,21.1454,9.8749,10
1,2,76.06,81.05,4.989999999999995,7.8841,5.0938,4
4,2,88.74,91.88,3.1400000000000006,14.9544,21.0944,4
2,2,87.33,88.52,1.1899999999999977,26.5362,5.5253,7
3,2,75.38,79.99,4.609999999999999,-12.9712,2.8088,1
4,0,59.8,64.69,4.890000000000001,-3.1573,-6.8525,9
3,2,71.33,76.53,5.200000000000003,-9.0129,-12.272,4
0,0,56.36,54.43,-1.9299999999999997,-12.2646,-4.1139,0
3,2,74.3,81.11,6.810000000000002,-1.5203,4.918,4
3,0,64.78,64.96,0.1799999999999926,10.0629,8.2145,7
1,2,76.83,73.39,-3.4399999999999977,-2.8629,5.7239,7
3,1,68.28,63.38,-4.899999999999999,-0.0788,-7.7114,1
2,1,72.58,66.25,-6.329999999999998,2.6158,-10.0909,4
4,1,62.58,64.42,1.8400000000000034,-1.0378,-17.0825,7
3,0,66.73,78.2,11.469999999999999,8.4183,0.125,1
2,0,61.8,65.6,3.799999999999997,20.9995,0.6363,6
4,0,67.44,64.85,-2.5900000000000034,14.048,-1.6859,5
2,2,79.74,79.67,-0.06999999999999318,7.6312,7.9317,6
0,2,76.34,68.83,-7.510000000000005,-2.8743,-6.8087,3
0,2,82.51,80.57,-1.940000000000012,14.7108,9.1086,3
3,1,79.84,81.97,2.1299999999999955,12.1901,21.8806,6
1,0,67.23,61.18,-6.050000000000004,16.0564,-4.663,4
2,1,66.16,68.14,1.980000000000004,6.8897,10.394,6
1,0,67.99,62.54,-5.449999999999996,-1.0057,-2.6464,10
1,1,80.65,77.91,-2.740000000000009,14.2577,12.2317,8
3,0,56.55,57.2,0.6500000000000057,5.9752,-4.0913,6
4,0,44.96,48.08,3.1199999999999974,-9.8466,-16.0638,5
3,0,56.01,55.58,-0.4299999999999997,2.9369,-8.3188,1
2,2,75.6,78.89,3.2900000000000063,-6.3908,-26.1975,6
2,0,46.57,48.14,1.5700000000000003,-15.4574,-5.4624,7
1,0,55.21,53.82,-1.3900000000000006,8.1364,14.3509,4
2,0,61.31,65.44,4.1299999999999955,8.5389,5.4348,7
2,0,56.77,59.79,3.019999999999996,12.46,-6.6752,4
3,2,69.41,65.25,-4.159999999999997,-11.7962,-4.5479,4
2,2,89.88,88.86,-1.019999999999996,8.8701,-5.5318,4
3,0,69.76,80.11,10.349999999999994,26.8117,11.8739,1
4,0,74.8,69.64,-5.159999999999997,31.8186,21.8749,5
1,2,92.87,95.0,2.1299999999999955,19.3103,3.2865,4
2,0,70.73,74.16,3.4299999999999926,27.1443,13.0728,7
2,0,58.11,59.52,1.4100000000000037,5.784,-16.2293,2
1,2,73.13,73.37,0.2400000000000091,-5.5505,-14.0092,4
1,1,75.46,73.04,-2.4199999999999875,3.3183,-1.0955,10
4,2,81.54,79.01,-2.530000000000001,7.355,-3.0251,7
3,2,76.15,70.9,-5.25,1.449,3.8243,7
4,0,63.65,67.75,4.100000000000001,-1.7555,1.9441,5
3,2,91.43,86.96,-4.470000000000013,38.7366,11.941,6
0,2,87.64,94.79,7.150000000000006,16.5707,-0.5905,4
0,1,72.0,73.44,1.4399999999999977,13.4709,-11.0302,4
2,0,65.56,72.5,6.939999999999998,1.6705,12.1261,4
0,1,55.02,57.09,2.0700000000000003,3.8145,5.8238,3
1,1,65.13,64.74,-0.39000000000000057,18.5577,-10.281,8
1,0,57.89,61.79,3.8999999999999986,4.3733,3.3126,4
4,2,62.75,63.77,1.0200000000000031,-1.9231,-20.9516,9
3,2,76.05,71.99,-4.060000000000002,-0.8388,-9.9336,1
3,2,66.91,69.93,3.0200000000000102,-11.9927,3.0231,6
4,1,74.22,69.44,-4.780000000000001,8.7526,-0.7744,9
3,2,71.19,69.8,-1.3900000000000006,15.0116,-6.4905,6
1,0,55.11,53.01,-2.1000000000000014,15.318,-26.0435,4
2,1,71.97,71.48,-0.4899999999999949,0.7505,4.6645,6
3,2,78.45,80.61,2.1599999999999966,5.4017,-5.3596,1
2,2,75.39,73.73,-1.6599999999999966,10.8854,2.632,4
2,0,74.22,76.14,1.9200000000000017,12.5565,12.1793,7
0,2,65.49,65.85,0.35999999999999943,6.4815,-14.1229,0
4,0,61.52,65.45,3.9299999999999997,2.6551,-9.7215,9
2,0,56.35,53.8,-2.5500000000000043,-2.0492,-1.5103,7
2,0,69.09,61.44,-7.650000000000006,8.2293,16.7867,4
3,2,90.45,90.13,-0.3200000000000074,26.3217,15.2875,1
1,2,79.85,79.55,-0.29999999999999716,6.1375,3.4438,4
3,0,56.07,58.5,2.4299999999999997,-0.5976,-9.4575,7
3,0,55.18,50.88,-4.299999999999997,19.7612,-12.6969,7
1,2,87.04,88.0,0.9599999999999937,31.7398,-5.8005,10
3,2,95.0,95.0,0.0,29.4019,6.2506,6
3,2,84.64,87.08,2.4399999999999977,5.7073,-3.5531,7
3,0,62.7,64.56,1.8599999999999994,3.8077,12.8841,7
0,0,57.2,61.72,4.519999999999996,7.1599,6.1869,7
3,0,46.63,45.87,-0.7600000000000051,-18.552,-25.6233,7
3,0,47.52,49.95,2.4299999999999997,-12.555,2.0046,6
3,2,94.33,93.52,-0.8100000000000023,41.2281,20.0291,7
3,2,82.91,89.29,6.38000000000001,9.0558,20.9584,4
2,2,81.25,83.9,2.6500000000000057,15.6355,6.7148,4
4,2,73.5,68.9,-4.599999999999994,3.478,-2.2169,7
0,2,78.95,77.14,-1.8100000000000023,-3.2171,-4.2376,0
3,2,82.0,82.78,0.7800000000000011,1.9937,-4.4643,7
1,1,80.87,75.27,-5.6000000000000085,20.3776,9.8268,8
0,2,81.09,81.89,0.7999999999999972,6.9813,4.4961,3
3,2,88.11,85.0,-3.1099999999999994,18.2511,5.7177,6
4,1,82.66,86.84,4.180000000000007,13.7705,8.3582,4
0,1,80.39,79.46,-0.9300000000000068,10.7586,-2.3415,0
3,0,73.16,69.18,-3.9799999999999898,20.2912,13.6121,7
4,0,67.31,65.74,-1.5700000000000074,22.8896,8.0077,5
0,0,60.0,54.52,-5.479999999999997,10.2868,9.7889,0
1,2,72.08,76.33,4.25,5.9859,-8.6885,8
3,2,86.88,79.1,-7.780000000000001,10.8601,11.1369,6
0,2,86.52,91.66,5.140000000000001,15.6853,3.4508,0
0,2,80.93,85.15,4.219999999999999,9.6742,-2.7312,0
0,0,72.76,69.02,-3.740000000000009,6.1276,1.6048,0
2,0,74.18,74.84,0.6599999999999966,18.4982,-8.4011,6
3,1,85.21,84.6,-0.6099999999999994,9.23,-4.6581,7
0,2,72.98,67.97,-5.010000000000005,3.7331,-8.2018,0
4,0,47.65,52.42,4.770000000000003,9.3455,-7.3937,5
2,2,79.28,80.38,1.0999999999999943,28.9601,3.4904,6
2,2,71.33,78.87,7.540000000000006,-6.1967,-13.4145,2
4,2,75.81,71.1,-4.710000000000008,5.4296,-2.1579,7
3,1,82.22,89.13,6.909999999999997,13.6357,-2.605,7
4,0,68.47,61.25,-7.219999999999999,23.8066,26.3292,7
1,1,82.81,83.43,0.6200000000000045,18.2796,6.4408,10
2,0,66.23,66.51,0.28000000000000114,9.1691,7.9969,6
0,2,82.05,84.07,2.019999999999996,3.8529,4.7636,4
3,1,78.02,78.21,0.18999999999999773,19.5741,1.911,4
2,2,74.8,79.3,4.5,-3.475,-8.6966,4
0,2,76.16,74.19,-1.9699999999999989,7.3859,-5.0228,4
4,2,78.31,77.95,-0.35999999999999943,5.8893,-9.0334,7
4,2,72.03,70.91,-1.1200000000000045,-4.4158,-10.0162,4
1,0,67.97,67.03,-0.9399999999999977,38.3662,9.3219,4
4,0,64.08,64.58,0.5,4.2357,-0.1264,7
1,0,70.39,70.82,0.4299999999999926,12.8394,12.9866,10
2,2,77.85,75.83,-2.019999999999996,3.1725,1.4179,2
2,2,88.91,92.76,3.8500000000000085,5.676,-2.4416,2
3,2,78.87,79.49,0.6199999999999903,5.0467,-8.8386,1
1,1,62.05,66.61,4.560000000000002,-7.6461,-9.8157,8
4,2,82.07,78.38,-3.6899999999999977,18.8013,5.4853,5
1,2,84.04,78.44,-5.6000000000000085,36.701,4.9986,10
4,2,65.37,68.48,3.1099999999999994,-0.1606,-5.2601,5
1,2,84.21,85.73,1.5200000000000102,14.8414,1.2931,7
1,2,72.27,71.58,-0.6899999999999977,-10.5873,-11.1999,10
4,2,73.21,71.36,-1.8499999999999943,-6.0726,-5.7389,4
4,2,85.45,87.1,1.6499999999999915,32.4536,25.4605,7
4,2,77.21,80.76,3.5500000000000114,16.6045,5.8212,9
3,0,60.25,62.82,2.5700000000000003,7.3371,11.8186,7
1,1,73.34,76.13,2.789999999999992,20.2531,0.469,7
4,2,68.75,72.1,3.3499999999999943,-3.3096,2.26,4
0,0,48.73,49.45,0.720000000000006,-8.1083,-10.7973,7
4,0,60.84,62.55,1.7099999999999937,4.9048,-0.5531,4
4,1,75.69,75.51,-0.1799999999999926,11.7693,2.6506,9
3,0,71.1,76.63,5.530000000000001,21.8017,17.017,6
0,1,67.28,67.3,0.01999999999999602,8.699,-3.8243,3
3,0,65.38,78.15,12.77000000000001,0.0318,-1.8048,6
0,0,64.25,68.48,4.230000000000004,1.0203,-9.0713,0
1,2,70.68,69.37,-1.3100000000000023,-13.6155,-7.2499,10
4,0,53.98,54.83,0.8500000000000014,1.1507,-9.3468,7
3,2,89.4,87.79,-1.6099999999999994,10.6918,2.6658,7
0,0,56.18,55.21,-0.9699999999999989,5.4389,-15.6919,7
4,0,58.12,62.6,4.480000000000004,9.5178,-2.0528,5
4,2,71.18,66.48,-4.700000000000003,0.1044,-6.8203,7
3,0,54.13,60.41,6.279999999999994,9.8779,-11.5552,1
1,2,87.62,84.54,-3.0799999999999983,35.1356,8.6642,4
2,2,66.07,70.29,4.220000000000013,-9.0733,-9.7587,6
3,2,77.16,76.9,-0.2599999999999909,-8.7067,1.193,4
0,1,85.02,82.71,-2.3100000000000023,30.5862,9.5042,4
1,2,85.2,91.7,6.5,17.9318,19.0414,10
3,2,84.56,81.79,-2.769999999999996,14.6334,15.0763,7
3,1,61.21,59.82,-1.3900000000000006,-8.2727,-15.0047,6
1,2,71.78,74.47,2.6899999999999977,-17.3524,-20.8205,8
0,2,89.84,82.3,-7.540000000000006,16.5985,4.1812,7
2,1,80.9,81.49,0.5899999999999892,14.0712,3.6762,4
1,1,60.68,59.37,-1.3100000000000023,2.1293,-1.5032,8
2,2,81.44,83.05,1.6099999999999994,-4.9853,-8.425,4
1,2,82.64,79.24,-3.4000000000000057,2.5344,3.4515,7
4,2,62.83,65.97,3.1400000000000006,-12.1392,-18.4501,5
3,0,55.75,53.19,-2.5600000000000023,-2.6808,-10.7895,1
4,2,75.37,76.29,0.9200000000000017,11.0451,1.8716,5
1,0,64.97,68.04,3.0700000000000074,7.19,8.5194,8
1,2,90.98,86.67,-4.310000000000002,24.4824,8.7942,4
2,2,77.63,81.96,4.329999999999998,-6.0791,-7.7985,4
1,2,73.8,79.75,5.950000000000003,15.3119,-3.5541,8
0,2,85.79,94.44,8.649999999999991,6.6008,1.6258,0
1,2,76.13,71.83,-4.299999999999997,15.1076,4.5163,8
1,0,60.63,60.93,0.29999999999999716,1.464,-6.2744,8
0,2,79.06,78.87,-0.18999999999999773,0.654,-6.5737,7
3,2,84.22,93.79,9.570000000000007,13.9244,6.349,1
2,0,80.26,82.63,2.3699999999999903,22.5171,7.7785,2
4,0,69.12,72.37,3.25,18.1557,13.8916,7
4,2,76.02,74.37,-1.6499999999999915,11.106,0.7268,5
0,2,81.18,76.29,-4.890000000000001,4.5744,6.4909,0
4,1,73.76,75.91,2.1499999999999915,42.7968,7.31,7
1,2,76.77,73.85,-2.9200000000000017,-0.4277,5.0597,8
0,0,61.76,59.88,-1.8799999999999955,-10.2047,-16.8918,3
4,2,59.27,61.48,2.2099999999999937,-18.8027,-4.5116,4
3,2,84.13,86.99,2.8599999999999994,30.0061,10.925,6
4,0,67.67,68.05,0.37999999999999545,21.1822,8.9241,7
1,0,48.72,47.65,-1.0700000000000003,-11.6592,-34.7817,7
1,2,78.17,78.12,-0.04999999999999716,4.4156,8.6395,4
1,0,57.77,54.17,-3.6000000000000014,-3.9984,-16.0736,10
4,0,67.67,70.36,2.6899999999999977,7.8951,3.4917,7
0,1,74.06,76.49,2.4299999999999926,17.144,5.614,4
1,2,69.38,73.67,4.290000000000006,10.2922,-5.964,8
4,0,73.7,74.59,0.8900000000000006,19.3448,10.5279,9
2,2,87.48,87.87,0.39000000000000057,13.3052,10.8579,6
0,2,79.97,76.53,-3.4399999999999977,23.0333,-3.2763,4
3,1,71.69,66.03,-5.659999999999997,-3.5961,1.6936,7
4,2,89.3,88.41,-0.8900000000000006,15.9763,9.3739,4
1,2,84.55,91.51,6.960000000000008,24.1347,4.5848,7
4,2,74.16,78.49,4.329999999999998,-2.7749,-1.6501,5
2,2,63.86,65.18,1.3200000000000074,4.3489,1.5638,6
2,2,81.97,80.93,-1.039999999999992,2.5141,-4.1665,6
2,0,53.25,55.47,2.219999999999999,4.7317,5.3759,6
4,0,63.87,66.66,2.789999999999999,2.9699,8.7552,9
2,2,80.8,82.72,1.9200000000000017,13.5923,11.8189,7
3,1,81.18,79.63,-1.5500000000000114,10.9275,11.3956,1
2,2,82.24,81.73,-0.5099999999999909,11.2413,5.7432,7
4,2,84.94,91.44,6.5,19.412,12.2458,4
3,2,78.47,71.95,-6.519999999999996,6.8803,6.5231,6
3,0,57.12,57.12,0.0,19.7489,-7.8988,1
0,1,64.08,61.99,-2.0899999999999963,-4.1317,-14.4152,4
0,2,78.13,74.78,-3.3499999999999943,1.9284,8.2235,7
0,1,74.93,73.68,-1.25,21.9035,-11.0318,7
2,2,66.84,70.56,3.719999999999999,2.3205,-16.1347,4
0,0,61.87,65.4,3.5300000000000082,19.0428,5.4087,4
0,0,47.94,46.32,-1.6199999999999974,6.2913,-16.3127,0
2,2,75.17,80.93,5.760000000000005,-1.8866,-18.7993,2
3,1,84.69,85.75,1.0600000000000023,20.1934,7.8878,6
0,0,65.8,76.8,11.0,26.2374,12.0655,0
2,0,44.16,49.71,5.550000000000004,7.6743,-5.2625,7
4,0,54.43,50.97,-3.460000000000001,-5.2493,-5.9239,7
2,2,95.0,95.0,0.0,20.8845,13.3489,2
2,2,84.68,83.95,-0.730000000000004,-5.1759,-5.5821,2
1,2,63.22,64.0,0.7800000000000011,-6.5499,-4.6998,8
1,1,74.86,77.46,2.5999999999999943,10.5252,2.0205,4
3,2,70.06,70.46,0.3999999999999915,-8.7444,-12.8845,1
3,2,70.55,68.2,-2.3499999999999943,3.2733,3.5753,4
3,2,83.11,81.24,-1.8700000000000045,14.8269,-2.4675,7
0,2,76.77,76.6,-0.1700000000000017,9.5329,-0.6155,3
3,2,86.79,95.0,8.209999999999994,2.4825,0.0904,4
4,0,66.12,68.62,2.5,18.3443,25.2956,7
3,2,74.06,76.57,2.509999999999991,-13.9556,-2.2988,6
3,0,62.75,63.56,0.8100000000000023,-0.4743,-4.4911,7
2,0,61.47,67.73,6.260000000000005,3.3277,6.4335,7
4,2,77.28,83.06,5.780000000000001,-7.7759,-7.1249,5
3,0,68.84,62.06,-6.780000000000001,37.6572,-1.348,1
3,1,74.82,72.17,-2.6499999999999915,43.9518,3.178,6
2,1,69.93,61.8,-8.13000000000001,13.5358,5.5685,7
0,2,88.63,90.73,2.1000000000000085,12.5768,-3.6003,3
3,0,76.16,74.4,-1.759999999999991,10.0839,11.4163,1
3,0,55.92,52.66,-3.260000000000005,7.1272,-7.1585,1
1,2,84.52,84.76,0.2400000000000091,12.1167,25.7336,4
1,2,82.61,81.35,-1.2600000000000051,7.9398,-6.1032,7
1,2,82.96,86.24,3.280000000000001,27.285,2.5317,7
4,2,73.57,76.38,2.8100000000000023,16.3053,5.5139,9
0,0,68.09,68.56,0.46999999999999886,8.9661,-0.209,3
3,0,73.71,72.98,-0.7299999999999898,4.8431,5.2944,6
0,1,73.47,75.32,1.8499999999999943,1.9203,6.6631,7
4,2,81.08,76.89,-4.189999999999998,13.9697,4.511,9
3,2,78.02,76.55,-1.4699999999999989,16.1774,1.5888,6
3,2,68.9,73.54,4.640000000000001,-18.9858,-28.3232,7
0,2,72.92,69.04,-3.8799999999999955,-9.7923,-9.8554,3
0,2,83.76,82.51,-1.25,11.3777,-2.0867,0
1,1,60.86,57.99,-2.8699999999999974,6.8305,2.3094,8
0,2,86.64,81.78,-4.859999999999999,2.9508,-16.0268,3
4,2,72.88,75.14,2.260000000000005,-13.8698,-16.2305,9
4,2,86.22,86.2,-0.01999999999999602,25.9502,8.5235,4
1,2,82.86,78.38,-4.480000000000004,9.8901,7.5408,7
3,0,57.99,60.94,2.9499999999999957,1.2439,0.7215,7
1,0,43.13,42.13,-1.0,-1.2369,-9.8488,10
2,0,69.0,71.95,2.950000000000003,25.3664,0.2286,2
4,2,86.66,93.22,6.560000000000002,18.2591,-8.0367,7
3,0,69.03,72.23,3.200000000000003,7.1694,3.3194,4
0,2,82.57,84.32,1.75,-0.2329,-12.669,7
4,2,85.04,80.66,-4.38000000000001,18.4592,-1.5747,9
0,2,79.06,78.17,-0.8900000000000006,23.4867,-8.0759,4
0,2,75.5,73.16,-2.3400000000000034,9.1847,-8.3322,3
2,1,67.87,66.82,-1.0500000000000114,-6.4591,0.9534,6
2,1,74.14,78.89,4.75,10.0,-1.6331,7
0,2,77.11,73.63,-3.480000000000004,14.9073,-3.6279,4
1,0,57.85,52.02,-5.829999999999998,7.1102,0.8244,10
1,0,54.46,49.16,-5.300000000000004,-0.2368,2.3539,10
0,1,79.14,85.84,6.700000000000003,33.4177,4.5777,4
3,2,82.4,76.7,-5.700000000000003,18.4336,12.3702,6
1,0,64.52,68.94,4.420000000000002,9.1505,-3.1596,4
1,2,82.97,83.6,0.6299999999999955,10.7915,11.2965,10
0,2,74.92,74.33,-0.5900000000000034,-7.0047,3.2317,3
1,2,63.84,72.16,8.319999999999993,-0.8978,-10.2244,8
1,2,72.19,74.35,2.1599999999999966,-4.2746,-4.1149,7
1,1,72.28,76.95,4.670000000000002,18.1458,-18.498,8
0,2,80.01,69.2,-10.810000000000002,9.868,0.0269,7
0,2,83.03,87.46,4.429999999999993,6.6825,6.9277,0
4,2,69.97,70.58,0.6099999999999994,-10.239,-7.145,9
1,2,69.79,68.05,-1.740000000000009,-7.1634,-12.2688,8
3,2,77.78,76.57,-1.210000000000008,5.7796,1.295,6
2,2,89.41,83.19,-6.219999999999999,5.7436,-3.3632,2
1,0,53.62,59.4,5.780000000000001,-12.1223,-19.0467,7
1,2,77.13,74.3,-2.8299999999999983,11.4587,2.8254,7
2,0,64.83,65.89,1.0600000000000023,26.7121,10.0137,4
1,0,57.52,58.63,1.1099999999999994,-5.0696,-11.9427,8
0,0,67.55,67.32,-0.23000000000000398,17.7414,9.4959,4
4,2,81.72,86.54,4.820000000000007,5.6907,5.1459,7
4,0,79.01,80.2,1.1899999999999977,37.2882,20.6325,9
0,1,62.65,66.08,3.4299999999999997,-7.6656,-5.3561,4
4,0,73.15,68.9,-4.25,39.915,1.6307,5
1,2,72.44,69.41,-3.030000000000001,2.5922,-1.4201,10
0,1,66.46,71.15,4.690000000000012,-1.7477,-0.2555,3
1,0,66.47,68.27,1.7999999999999972,17.7403,-0.0879,10
4,2,79.9,78.82,-1.0800000000000125,-1.8635,-10.8524,4
4,2,74.22,72.19,-2.030000000000001,17.0134,-3.7366,5
1,2,71.77,70.36,-1.4099999999999966,0.2435,-11.8791,10
3,1,87.83,89.5,1.6700000000000017,17.0257,0.2795,1
3,0,72.87,71.16,-1.710000000000008,30.6571,8.3381,1
3,2,74.98,68.5,-6.480000000000004,-6.0065,-9.8312,4
0,2,80.29,83.84,3.549999999999997,-5.6515,2.6705,7
2,2,74.58,82.1,7.519999999999996,-8.1025,-22.3032,7
1,0,57.41,55.14,-2.269999999999996,5.1128,5.1742,8
1,0,63.38,58.16,-5.220000000000006,-0.8631,3.0801,8
0,0,55.29,56.56,1.2700000000000031,22.7138,-2.4981,4
1,0,67.4,75.44,8.039999999999992,8.8776,6.5854,7
0,0,66.22,62.64,-3.5799999999999983,7.1351,12.5576,0
1,2,89.8,85.83,-3.969999999999999,13.4253,1.8956,4
2,2,78.38,77.43,-0.9499999999999886,-2.5686,-14.1185,2
2,1,84.42,83.89,-0.5300000000000011,32.7568,7.0024,7
2,2,79.62,84.32,4.699999999999989,1.7032,-2.9687,6
3,2,85.95,82.25,-3.700000000000003,22.6619,9.7291,7
0,1,79.97,86.47,6.5,23.6922,-2.2483,4
4,2,82.19,75.54,-6.6499999999999915,7.5839,13.0434,5
0,2,80.25,75.4,-4.849999999999994,17.7525,-10.0602,0
4,1,70.65,69.95,-0.7000000000000028,-5.7336,-0.2355,7
0,2,71.24,82.04,10.800000000000011,-1.7525,-19.4399,7
4,0,63.52,63.82,0.29999999999999716,16.4399,0.5236,7
3,2,58.97,59.61,0.6400000000000006,-10.0165,-19.2978,4
2,0,58.16,69.83,11.670000000000002,3.1586,1.3735,7
0,1,57.94,63.96,6.020000000000003,-0.932,-5.2629,3
1,1,77.13,75.78,-1.3499999999999943,6.7323,0.7343,8
4,0,64.76,67.04,2.280000000000001,-5.1141,-15.7081,7
3,1,62.63,57.21,-5.420000000000002,-7.3959,-15.2471,7
0,2,66.03,70.97,4.939999999999998,-18.866,-11.1652,0
1,2,69.03,76.28,7.25,-11.3378,-9.5174,10
3,2,71.17,71.11,-0.060000000000002274,-15.3235,-8.4337,1
0,1,68.62,72.82,4.199999999999989,-0.3823,7.9591,7
4,2,88.33,90.8,2.469999999999999,2.0735,5.1178,5
4,2,73.46,72.05,-1.4099999999999966,-12.9482,-23.396,7
3,1,71.49,74.22,2.730000000000004,23.404,14.1702,1
0,2,95.0,94.66,-0.3400000000000034,13.6965,1.7256,7
1,2,83.68,81.4,-2.280000000000001,5.1606,-0.2418,8
1,2,80.63,81.54,0.9100000000000108,0.7564,13.3219,8
3,0,62.77,64.1,1.3299999999999912,-6.5731,-3.794,4
3,2,84.0,86.04,2.0400000000000063,34.6448,7.6333,1
2,0,82.65,81.42,-1.230000000000004,7.4729,22.5675,6
3,1,82.16,76.39,-5.769999999999996,18.2887,2.0565,4
2,2,52.9,52.44,-0.46000000000000085,-20.7423,-13.0536,4
0,2,80.27,76.87,-3.3999999999999915,1.1729,7.5025,4
1,2,78.71,74.88,-3.8299999999999983,35.9058,-16.4063,8
1,0,64.01,63.25,-0.7600000000000051,28.6728,3.8038,7
3,2,73.51,71.44,-2.0700000000000074,0.3846,-14.2115,7
0,0,73.19,70.72,-2.469999999999999,9.1185,8.0796,7
2,1,82.77,84.42,1.6500000000000057,28.018,19.3354,4
1,1,77.15,78.88,1.7299999999999898,5.4271,-5.6776,8
1,2,74.94,69.67,-5.269999999999996,31.597,10.2868,7
4,2,78.88,86.16,7.280000000000001,2.5519,-4.1052,4
2,2,78.98,72.95,-6.030000000000001,43.7743,1.7963,2
3,1,76.89,82.34,5.450000000000003,8.4702,-12.169,1
4,0,56.52,61.66,5.1399999999999935,5.9526,-8.5486,5
4,2,74.99,68.49,-6.5,5.1842,-8.7395,9
2,1,63.39,60.12,-3.270000000000003,15.2035,0.0121,4
0,1,69.79,67.38,-2.410000000000011,-1.5374,-3.1037,7
4,2,74.9,76.35,1.4499999999999886,15.8351,16.4338,5
4,2,78.32,76.03,-2.289999999999992,39.6614,7.5343,5
2,2,87.73,85.47,-2.260000000000005,9.9724,-9.9054,4
1,2,78.54,74.3,-4.240000000000009,6.5762,6.9476,10
3,2,67.95,68.08,0.12999999999999545,-13.975,-15.2627,6
0,2,72.59,68.87,-3.719999999999999,-3.947,-8.96,0
2,0,62.35,54.27,-8.079999999999998,-3.1328,0.6784,4
2,2,72.93,71.66,-1.2700000000000102,-6.819,-6.6661,6
0,2,71.02,70.27,-0.75,-5.3769,-6.0951,0
2,2,84.01,81.95,-2.0600000000000023,8.2715,9.3828,4
3,1,78.62,74.92,-3.700000000000003,7.1663,-22.6937,7
3,2,79.98,78.83,-1.1500000000000057,4.0287,9.9763,4
0,0,69.44,77.91,8.469999999999999,8.2489,4.6263,7
4,1,54.98,55.46,0.480000000000004,-7.2882,-17.4385,9
1,1,67.89,68.26,0.37000000000000455,2.494,6.5451,10
2,2,88.65,89.35,0.6999999999999886,10.407,1.9877,4
0,0,76.03,75.52,-0.5100000000000051,28.9323,4.7784,7
4,0,70.48,62.83,-7.650000000000006,5.2619,7.5649,7
4,0,65.29,69.08,3.789999999999992,12.5901,5.3547,5
2,1,77.26,81.48,4.219999999999999,28.3957,7.6012,4
2,1,61.64,62.23,0.5899999999999963,-9.8362,-7.0424,7
4,2,81.14,78.68,-2.4599999999999937,29.1729,-2.7104,5
4,2,73.32,76.89,3.5700000000000074,5.319,-24.6622,5
4,2,91.17,95.0,3.8299999999999983,11.5224,15.84,4
2,2,80.14,80.65,0.5100000000000051,11.5865,13.6808,7
0,2,74.35,78.11,3.760000000000005,-13.1636,-9.8963,3
0,2,94.14,91.39,-2.75,9.2466,-2.1432,7
4,1,82.43,84.0,1.5699999999999932,15.8452,12.5309,5
3,1,78.65,78.89,0.23999999999999488,9.414,0.5557,7
3,1,62.66,55.84,-6.819999999999993,3.7162,2.6253,4
1,2,66.0,66.0,0.0,-11.5449,-12.4489,7
2,1,72.69,74.49,1.7999999999999972,-1.6176,-2.7664,7
2,0,63.01,64.25,1.240000000000002,13.1372,1.5774,6
3,2,76.82,78.18,1.3600000000000136,-6.169,-0.8804,7
3,2,86.32,87.95,1.6300000000000097,5.104,-7.7288,7
3,2,89.84,89.41,-0.4300000000000068,12.9642,8.1332,7
1,1,76.27,73.58,-2.6899999999999977,15.1754,-14.7137,10
0,0,63.39,64.38,0.9899999999999949,0.0152,-0.6653,7
2,0,75.75,76.51,0.7600000000000051,3.3152,-0.1158,4
4,1,87.75,89.96,2.2099999999999937,19.5682,2.1419,4
2,2,95.0,95.0,0.0,16.2425,21.1168,6
4,0,66.25,74.31,8.060000000000002,18.4932,2.566,7
1,0,70.35,68.1,-2.25,-3.8184,-13.7762,7
4,0,59.11,66.77,7.659999999999997,34.7075,4.7,9
4,2,90.09,88.1,-1.990000000000009,24.5054,21.1311,4
3,2,94.23,93.45,-0.7800000000000011,18.8266,8.1974,4
3,2,82.95,84.17,1.2199999999999989,11.6992,3.1574,4
4,2,69.94,71.09,1.1500000000000057,4.7431,-7.6019,5
0,2,72.58,72.41,-0.1700000000000017,-2.538,-12.1571,4
4,2,82.43,82.9,0.46999999999999886,3.2573,2.5696,5
3,2,92.38,93.69,1.3100000000000023,24.3261,10.7102,6
4,2,69.63,68.35,-1.2800000000000011,3.2498,0.5503,5
4,0,60.81,62.51,1.6999999999999957,14.4991,9.5054,9
1,2,89.47,91.04,1.5700000000000074,31.348,19.9137,10
1,1,68.42,69.23,0.8100000000000023,-9.7055,-18.536,4
0,2,88.5,89.62,1.1200000000000045,5.975,3.3972,3
1,2,79.12,75.88,-3.240000000000009,-0.0354,-12.5827,4
1,2,69.48,65.29,-4.189999999999998,-6.189,-4.2693,4
3,2,85.53,79.67,-5.859999999999999,20.9823,9.0981,1
4,2,91.11,91.82,0.7099999999999937,23.8124,22.2136,5
4,0,60.48,63.15,2.6700000000000017,5.0867,-10.7666,9
4,0,75.12,65.91,-9.210000000000008,15.1078,-2.4634,9
0,2,82.86,88.38,5.519999999999996,10.8485,14.7654,7
3,2,85.83,85.65,-0.1799999999999926,16.0718,15.017,1
2,1,72.81,72.5,-0.3100000000000023,20.9222,-5.7846,2
4,2,80.6,73.12,-7.47999999999999,21.8832,-3.8504,9
1,1,81.54,75.26,-6.280000000000001,16.0619,6.2181,7
4,2,74.36,73.24,-1.1200000000000045,12.8469,7.3684,5
3,1,49.36,49.9,0.5399999999999991,-11.3908,-14.2668,4
4,1,75.39,80.78,5.390000000000001,-1.4582,-3.3572,5
3,1,69.37,57.41,-11.960000000000008,-4.384,0.8521,1
2,1,74.88,80.77,5.890000000000001,51.1146,8.7605,2
3,2,71.6,76.49,4.890000000000001,16.6348,-4.4305,6
3,2,95.0,88.74,-6.260000000000005,14.8272,6.0272,4
0,1,72.91,77.05,4.140000000000001,8.5236,1.3521,0
2,1,91.57,92.02,0.45000000000000284,23.5027,7.2283,7
0,2,89.9,87.81,-2.0900000000000034,25.0199,15.7957,3
3,0,68.18,68.39,0.20999999999999375,17.4149,4.7363,6
3,1,71.78,78.9,7.1200000000000045,31.189,-1.0539,1
3,2,81.93,79.93,-2.0,-1.165,-11.8436,6
0,2,77.75,68.54,-9.209999999999994,0.2964,-5.0733,7
0,0,61.02,64.28,3.259999999999998,3.9142,3.0741,3
4,2,78.32,86.26,7.940000000000012,0.9626,-9.7299,4
4,1,66.14,63.37,-2.770000000000003,5.9061,-8.7097,9
4,0,65.63,63.04,-2.5899999999999963,15.5455,1.4578,9
2,2,81.21,80.91,-0.29999999999999716,5.6559,-10.3783,7
2,1,61.98,55.51,-6.469999999999999,15.5364,-1.0653,6
2,2,75.53,72.7,-2.8299999999999983,6.7513,12.6691,4
3,0,70.33,71.7,1.3700000000000045,14.6583,16.8567,1
2,1,64.93,62.94,-1.990000000000009,6.3752,-2.8476,7
4,2,86.78,84.02,-2.760000000000005,11.8798,-18.1003,7
1,1,68.42,74.68,6.260000000000005,-1.9671,-2.6899,7
3,1,79.06,85.72,6.659999999999997,10.1099,-7.3507,6
0,0,52.55,53.35,0.8000000000000043,-15.9149,-9.8499,7
0,1,76.94,74.47,-2.469999999999999,9.9428,-4.0624,3
4,1,80.26,78.46,-1.8000000000000114,25.901,5.8268,7
2,2,88.63,84.84,-3.789999999999992,25.5102,-1.5417,2
4,2,74.5,65.66,-8.840000000000003,1.16,-8.3229,7
3,2,78.06,82.88,4.819999999999993,6.8813,-1.3905,1
0,2,80.0,79.5,-0.5,10.4951,4.0793,4
0,2,75.33,76.48,1.1500000000000057,11.5505,-2.8745,7
4,1,82.1,85.12,3.0200000000000102,20.6684,13.8444,5
2,1,72.12,75.56,3.4399999999999977,27.7112,17.9925,7
3,2,60.54,55.13,-5.409999999999997,-7.8496,-9.5878,4
2,1,69.76,67.24,-2.5200000000000102,10.1682,8.2932,7
4,0,56.55,55.69,-0.8599999999999994,-3.6817,-0.0704,9
3,2,90.35,95.0,4.650000000000006,7.3412,-11.6207,7
3,2,88.34,88.01,-0.3299999999999983,38.3847,13.7916,4
0,2,86.3,86.2,-0.09999999999999432,1.601,-5.797,3
3,1,76.89,82.12,5.230000000000004,13.7887,5.1807,4
4,2,73.47,72.62,-0.8499999999999943,-2.2422,-2.5587,5
1,1,69.7,68.09,-1.6099999999999994,11.4109,-0.1725,10
0,1,75.32,72.17,-3.1499999999999915,10.4118,12.2616,7
2,2,81.09,84.17,3.0799999999999983,20.4593,-8.8733,2
2,2,77.89,71.39,-6.5,22.0839,-3.2712,4
4,1,64.9,63.95,-0.9500000000000028,-14.8625,-9.999,9
3,1,62.32,58.2,-4.119999999999997,3.5535,-8.6001,7
4,2,82.3,80.17,-2.1299999999999955,16.9255,4.4901,5
3,0,61.57,66.34,4.770000000000003,5.9109,5.1527,4
0,2,73.43,71.64,-1.7900000000000063,20.0638,-14.0718,3
0,0,61.99,68.37,6.380000000000003,9.3656,0.8512,3
4,2,75.96,71.37,-4.589999999999989,5.8146,-6.095,4
4,1,71.67,77.51,5.840000000000003,3.1755,2.0997,5
3,2,80.91,75.68,-5.22999999999999,9.2774,8.1612,4
0,1,74.49,80.61,6.1200000000000045,-0.7817,7.5992,7
0,0,68.14,70.75,2.6099999999999994,16.0909,0.1878,0
4,0,62.75,58.62,-4.130000000000003,8.5054,9.551,5
3,1,81.95,77.08,-4.8700000000000045,23.3895,-0.761,7
4,2,74.71,77.1,2.3900000000000006,7.0283,-4.7638,4
4,2,77.78,76.65,-1.1299999999999955,26.4351,-9.132,4
4,2,78.03,78.77,0.7399999999999949,-7.4231,-24.339,7
0,2,83.06,83.7,0.6400000000000006,11.2587,18.5117,0
4,2,89.25,88.29,-0.9599999999999937,20.8276,4.0982,7
4,2,87.79,89.73,1.9399999999999977,8.783,2.2485,4
2,0,53.77,46.58,-7.190000000000005,-3.3667,-9.0391,2
4,2,71.22,75.59,4.3700000000000045,-4.4416,1.9406,5
0,2,81.93,77.86,-4.070000000000007,0.8042,-1.7913,0
4,0,56.43,62.72,6.289999999999999,3.2896,-9.0681,9
3,2,83.52,78.3,-5.219999999999999,1.5206,-4.7655,7
4,1,82.67,84.7,2.030000000000001,24.4548,8.2048,4
2,2,80.2,78.85,-1.3500000000000085,2.5147,-0.4785,7
2,2,94.74,95.0,0.2600000000000051,23.8879,18.3256,6
1,2,78.19,75.44,-2.75,-1.1993,-16.521,4
0,1,67.7,63.7,-4.0,8.2854,-15.743,4
1,2,78.56,80.24,1.6799999999999926,12.4046,-12.2218,8
4,2,77.86,75.87,-1.9899999999999949,4.1596,7.1164,5
2,2,67.61,64.06,-3.549999999999997,8.2114,-4.318,2
4,1,70.3,72.25,1.9500000000000028,18.6058,-0.492,5
3,1,57.33,55.24,-2.0899999999999963,0.2804,0.5763,4
1,0,63.38,73.73,10.350000000000001,24.0311,12.9076,8
4,2,89.03,92.78,3.75,32.649,14.478,7
0,0,57.22,52.35,-4.869999999999997,10.0958,-6.7524,4
0,2,87.15,85.02,-2.1300000000000097,11.8124,3.2434,4
0,0,59.66,61.13,1.470000000000006,7.8954,0.2117,3
4,2,89.45,92.11,2.6599999999999966,29.9486,4.4698,9
2,2,78.79,83.24,4.449999999999989,2.6255,-10.3173,6
0,2,88.81,91.09,2.280000000000001,6.8777,-0.0056,4
0,2,73.23,73.72,0.4899999999999949,6.9127,6.4054,4
1,0,62.48,64.34,1.8600000000000065,-4.3241,-14.0969,7
3,0,63.87,64.45,0.5800000000000054,12.5329,-4.1056,7
0,2,80.08,84.96,4.8799999999999955,8.5985,-0.5659,4
2,2,69.37,61.57,-7.800000000000004,-4.2398,-20.6489,7
1,1,75.88,76.06,0.18000000000000682,27.4123,-8.6861,4
3,0,65.24,60.13,-5.109999999999992,9.515,0.4723,4
0,2,69.7,73.97,4.269999999999996,13.0265,1.2845,0
1,2,77.54,75.13,-2.410000000000011,-5.2247,-1.2529,7
2,2,89.27,87.96,-1.3100000000000023,11.1646,7.2109,2
3,1,78.91,76.69,-2.219999999999999,24.2046,5.6631,6
3,2,69.57,68.83,-0.7399999999999949,-8.37,-6.2435,7
2,0,56.71,52.57,-4.140000000000001,-7.9185,-27.7971,7
4,1,58.62,54.22,-4.399999999999999,0.3045,-1.8373,9
2,2,75.1,77.66,2.5600000000000023,7.7762,0.8607,7
4,1,74.1,73.28,-0.8199999999999932,-10.2451,-9.3809,4
2,1,72.26,76.7,4.439999999999998,4.3058,0.6326,4
3,1,73.06,77.25,4.189999999999998,-4.4253,-7.2908,6
2,2,84.5,78.79,-5.709999999999994,18.9874,14.4985,4
3,2,88.96,84.22,-4.739999999999995,8.4003,-1.418,6
2,2,83.19,79.57,-3.6200000000000045,5.7085,-7.5389,7
4,2,73.74,72.74,-1.0,-3.4912,-5.6012,9
3,2,91.02,93.2,2.180000000000007,12.1657,8.0889,7
1,1,57.47,56.2,-1.269999999999996,-18.3197,-14.5071,8
1,0,60.55,58.87,-1.6799999999999997,2.6584,1.632,8
4,1,73.33,71.51,-1.8199999999999932,17.9444,10.8172,5
4,2,86.04,77.95,-8.090000000000003,14.5515,5.9676,4
2,2,67.3,63.9,-3.3999999999999986,-12.4061,-11.0228,7
3,2,77.09,82.32,5.22999999999999,6.9439,-12.3147,1
2,2,80.73,83.09,2.3599999999999994,18.1537,7.4388,2
3,1,66.42,69.67,3.25,-6.4741,-0.5374,1
2,0,58.84,53.9,-4.940000000000005,-1.0471,-9.6939,6
0,1,73.82,72.96,-0.8599999999999994,5.6058,-0.2549,4
1,1,68.37,64.59,-3.780000000000001,14.4982,16.7639,7
3,1,77.68,72.38,-5.300000000000011,15.9275,3.907,6
1,2,71.6,79.88,8.280000000000001,-4.5415,-1.9794,4
0,0,64.07,62.94,-1.1299999999999955,5.5722,4.5205,3
3,2,80.49,77.62,-2.8699999999999903,4.1706,4.3235,1
1,0,75.38,82.19,6.810000000000002,24.1745,0.6835,8
1,2,83.09,85.58,2.489999999999995,7.9142,9.7337,7
4,2,68.05,71.7,3.6500000000000057,2.4157,-14.9435,9
2,2,89.26,84.37,-4.890000000000001,14.741,9.3872,7
3,1,77.74,86.18,8.440000000000012,10.3706,-3.8238,1
3,2,82.03,80.82,-1.210000000000008,17.2505,2.1668,7
0,2,91.53,87.77,-3.760000000000005,23.1426,11.8491,0
2,2,77.35,74.88,-2.469999999999999,6.563,-1.5874,6
2,2,83.91,82.75,-1.1599999999999966,20.8781,14.6225,4
0,2,83.6,87.37,3.7700000000000102,3.9461,-4.1462,0
3,2,78.24,75.79,-2.4499999999999886,-16.1802,-19.8692,1
0,1,78.19,79.74,1.5499999999999972,6.5246,-4.9686,7
3,0,66.57,68.26,1.690000000000012,16.308,2.492,4
2,0,54.62,54.78,0.1600000000000037,-1.5198,-2.9385,4
2,2,65.81,66.98,1.1700000000000017,-4.572,-21.2156,4
1,1,75.99,73.1,-2.8900000000000006,11.6623,4.0192,7
4,2,71.62,73.93,2.3100000000000023,5.6702,1.8386,7
1,2,88.46,86.81,-1.6499999999999915,16.0832,5.8617,8
2,2,77.8,87.19,9.39,10.1191,4.617,7
3,0,68.18,65.32,-2.8600000000000136,16.1731,12.9873,4
4,1,88.84,86.08,-2.760000000000005,27.9954,18.3033,9
1,2,75.16,75.74,0.5799999999999983,18.2143,-4.7317,4
3,2,95.0,95.0,0.0,18.1857,2.615,4
2,0,64.59,67.65,3.0600000000000023,30.4807,7.3407,6
4,0,53.61,55.75,2.1400000000000006,-7.3267,-5.741,5
1,2,63.53,69.39,5.859999999999999,-10.1255,-14.3371,8
4,2,74.28,73.32,-0.960000000000008,2.492,-0.9294,5
3,0,61.44,62.66,1.2199999999999989,13.4714,2.7097,4
1,2,82.32,80.92,-1.3999999999999915,3.5689,-5.8591,4
0,1,69.87,70.43,0.5600000000000023,1.3096,-18.2666,3
1,0,69.53,71.65,2.1200000000000045,13.4025,11.6637,7
3,2,84.92,91.67,6.75,21.3273,9.0162,7
1,0,55.63,54.39,-1.240000000000002,-9.6522,4.083,10
4,0,65.18,65.02,-0.1600000000000108,37.3079,9.6038,5
0,0,62.1,53.58,-8.520000000000003,12.5825,8.602,7
3,2,85.91,89.33,3.4200000000000017,29.2238,15.5416,1
1,2,71.19,75.14,3.950000000000003,-5.8547,-1.1433,8
2,0,57.81,54.82,-2.990000000000002,-1.3073,-2.0586,2
2,2,69.68,70.14,0.45999999999999375,-0.4865,-0.4626,7
2,0,57.8,61.13,3.3300000000000054,5.8776,4.9288,4
2,2,95.0,95.0,0.0,24.3258,0.0,6
0,2,78.99,74.11,-4.8799999999999955,2.2952,8.2254,7
2,2,79.26,84.84,5.579999999999998,-1.284,0.3934,2
2,2,72.6,68.95,-3.6499999999999915,5.6833,-1.7792,4
2,0,67.86,69.0,1.1400000000000006,19.5293,11.1969,2
4,0,69.76,68.79,-0.9699999999999989,8.9695,0.045,4
2,2,79.05,85.68,6.63000000000001,6.2035,-14.8558,4
2,2,79.46,75.12,-4.339999999999989,26.1207,2.976,2
4,0,75.08,74.08,-1.0,3.8555,1.2651,9
3,2,79.05,74.03,-5.019999999999996,-0.7912,-2.0073,4
0,1,68.32,69.69,1.3700000000000045,-1.561,-16.2252,4
4,2,87.25,83.22,-4.030000000000001,32.857,20.8471,9
1,1,76.04,75.08,-0.960000000000008,22.6318,14.0517,4
3,2,82.42,83.51,1.0900000000000034,19.0137,8.9225,4
0,1,70.48,68.88,-1.6000000000000085,12.8376,-6.6973,4
0,2,89.13,89.29,0.1600000000000108,6.8701,-1.703,0
2,2,68.11,75.19,7.079999999999998,3.3814,-20.9002,6
4,0,64.25,59.94,-4.310000000000002,21.0604,0.6428,5
0,0,58.61,57.72,-0.8900000000000006,10.1889,7.5567,7
2,1,76.31,76.29,-0.01999999999999602,-6.1184,-9.1258,4
3,0,70.89,75.74,4.849999999999994,35.8292,14.1057,7
4,2,77.65,79.16,1.509999999999991,-2.6319,-5.5892,7
2,1,70.69,64.63,-6.060000000000002,9.6165,-8.4679,4
1,0,57.9,51.65,-6.25,-2.6058,0.9238,8
3,2,95.0,95.0,0.0,17.1041,17.42,6
4,1,64.64,64.91,0.269999999999996,6.1186,-2.969,4
0,0,63.38,62.38,-1.0,1.6948,4.565,7
3,2,91.06,84.02,-7.040000000000006,7.7796,13.6939,4
0,0,73.56,72.2,-1.3599999999999994,17.072,4.265,3
4,2,88.47,90.66,2.1899999999999977,8.1771,-10.9543,4
4,2,69.67,71.56,1.8900000000000006,9.5793,-10.4612,5
4,2,79.27,86.01,6.740000000000009,7.9494,12.3087,4
0,0,62.91,55.56,-7.349999999999994,18.128,-2.6865,7
3,1,64.83,66.84,2.010000000000005,-9.0815,-9.6219,7
3,1,75.49,74.57,-0.9200000000000017,14.7236,2.6967,4
0,2,85.22,90.7,5.480000000000004,22.3833,6.4538,3
1,0,57.98,59.08,1.1000000000000014,2.3879,-0.3151,4
1,0,65.79,65.56,-0.23000000000000398,6.9794,-1.0048,8
2,2,92.7,88.17,-4.530000000000001,19.6752,13.2387,7
2,2,75.49,74.81,-0.6799999999999926,16.439,-5.9749,4
4,2,83.84,89.35,5.509999999999991,13.0625,12.3772,9
1,1,74.09,76.13,2.039999999999992,13.9575,-6.4819,4
2,2,80.33,77.01,-3.319999999999993,10.6334,-0.2399,6
4,2,75.81,75.59,-0.21999999999999886,-16.2844,-17.0338,9
0,2,73.26,66.27,-6.990000000000009,1.5571,0.6837,3
1,2,91.16,90.86,-0.29999999999999716,30.3674,2.5755,10
1,1,68.69,62.27,-6.419999999999995,5.2487,14.0454,8
1,1,74.89,77.26,2.3700000000000045,-1.4648,-11.4495,4
0,2,80.58,82.84,2.260000000000005,4.848,4.9909,3
0,2,84.17,85.13,0.9599999999999937,9.7891,-10.4029,3
2,2,76.31,79.03,2.719999999999999,25.9591,21.9191,2
3,2,77.97,76.65,-1.3199999999999932,9.7616,-7.4476,1
2,0,52.6,45.96,-6.640000000000001,4.2225,-14.4456,2
2,0,68.97,72.09,3.1200000000000045,15.1027,-6.081,7
1,2,83.82,82.22,-1.5999999999999943,10.886,6.9014,10
1,1,70.08,73.46,3.3799999999999955,3.1148,4.3017,4
3,2,93.19,95.0,1.8100000000000023,30.4794,3.0641,6
3,2,84.49,86.53,2.0400000000000063,13.5523,-3.0033,7
1,2,84.1,92.51,8.41000000000001,3.9967,2.9781,8
1,2,69.8,67.57,-2.230000000000004,-6.3454,-17.0974,4
1,2,81.63,89.56,7.930000000000007,9.8953,-0.6555,4
4,0,68.49,65.06,-3.4299999999999926,8.3404,-0.7499,5
0,1,75.63,84.64,9.010000000000005,25.3143,5.5916,0
0,1,77.71,79.53,1.8200000000000074,14.9767,7.9139,7
3,2,66.68,69.56,2.8799999999999955,1.3602,-7.353,6
0,0,57.81,58.09,0.28000000000000114,-7.4208,-8.3529,4
1,2,86.93,89.87,2.9399999999999977,5.2213,-9.3787,4
0,2,82.97,90.56,7.590000000000003,11.2754,-7.7346,0
1,1,68.2,70.15,1.9500000000000028,10.1912,-7.5515,4
3,0,54.38,57.5,3.1199999999999974,-1.423,-3.0803,7
4,2,78.99,76.28,-2.7099999999999937,4.6303,4.5997,9
2,1,70.94,71.73,0.7900000000000063,-8.0069,-0.5163,2
4,2,88.79,94.04,5.25,12.3396,4.5697,5
1,2,71.44,72.7,1.2600000000000051,-11.2917,-3.14,4
1,0,63.43,63.28,-0.14999999999999858,6.5561,3.1305,10
3,2,95.0,95.0,0.0,10.636,1.7403,1
1,2,77.7,79.6,1.8999999999999915,11.1451,11.0388,4
4,0,75.77,78.79,3.0200000000000102,19.3694,2.9228,4
1,2,74.7,69.5,-5.200000000000003,5.9243,-3.5512,8
2,1,67.91,57.6,-10.309999999999995,10.6687,-0.6898,7
4,2,81.47,75.48,-5.989999999999995,41.9979,14.5803,9
3,2,77.68,79.88,2.1999999999999886,20.1143,11.1846,6
2,2,72.71,69.01,-3.6999999999999886,-0.9437,-5.7138,7
1,1,77.91,81.97,4.060000000000002,15.0332,-4.6259,8
0,0,59.63,62.09,2.460000000000001,10.4964,13.6323,3
3,1,84.87,89.21,4.339999999999989,33.0945,3.6179,7
0,2,73.22,74.64,1.4200000000000017,-6.2256,1.8351,3
4,2,83.06,90.26,7.200000000000003,22.7873,14.5562,5
3,2,76.93,76.47,-0.46000000000000796,1.6368,-7.9252,1
3,0,59.5,51.6,-7.899999999999999,25.8326,-3.8245,4
2,2,86.86,84.42,-2.4399999999999977,20.0576,-3.9814,7
0,2,95.0,86.8,-8.200000000000003,33.8022,11.597,0
0,1,58.11,56.11,-2.0,-6.0511,-14.6679,4
3,2,94.83,95.0,0.1700000000000017,29.2091,-0.422,4
1,2,92.44,91.9,-0.539999999999992,3.8044,-5.8809,8
3,1,82.5,77.04,-5.459999999999994,17.1485,6.8357,7
2,0,65.39,64.13,-1.2600000000000051,28.721,14.4882,6
1,2,85.45,85.97,0.519999999999996,3.575,13.143,4
3,2,76.7,73.8,-2.9000000000000057,2.0004,-1.1663,4
0,2,79.11,78.75,-0.35999999999999943,20.3708,9.2598,3
0,2,77.63,75.19,-2.4399999999999977,-9.6744,-21.2185,0
4,2,68.38,80.16,11.780000000000001,-2.6469,-13.0995,5
0,1,73.96,68.5,-5.459999999999994,19.5098,20.2431,7
3,1,69.14,62.57,-6.57,8.1807,-3.3924,6
3,2,92.69,95.0,2.3100000000000023,52.5485,16.3395,4
2,1,48.67,43.79,-4.880000000000003,13.8084,-26.2379,7
4,2,84.96,89.24,4.280000000000001,4.2425,-20.1956,9
1,1,82.32,82.99,0.6700000000000017,30.8522,10.701,4
3,1,72.73,73.35,0.6199999999999903,2.6891,7.7002,1
0,2,67.93,64.84,-3.0900000000000034,16.7912,10.6914,7
4,0,59.42,49.8,-9.620000000000005,-5.2396,-3.201,5
3,1,67.19,72.75,5.560000000000002,9.6137,1.8487,4
4,1,73.99,76.57,2.5799999999999983,9.4772,-11.1262,7
3,2,92.59,95.0,2.4099999999999966,6.4327,11.3873,7
3,1,88.53,87.29,-1.2399999999999949,14.2336,5.6512,1
4,2,91.68,93.21,1.529999999999987,10.1323,4.2933,9
1,1,82.59,78.39,-4.200000000000003,23.323,5.681,4
4,2,68.02,71.12,3.1000000000000085,3.5106,-4.3508,7
1,2,83.28,78.16,-5.1200000000000045,3.5143,-2.7999,8
2,1,77.83,74.33,-3.5,11.7994,13.2041,7
3,2,89.52,88.32,-1.2000000000000028,31.7486,24.6488,6
1,2,83.56,81.05,-2.510000000000005,9.4912,13.7431,8
0,0,43.79,50.81,7.020000000000003,-29.9376,-37.088,3
1,0,62.29,71.57,9.279999999999994,2.7245,11.2186,4
2,2,80.31,67.6,-12.710000000000008,16.7791,-10.9527,6
1,2,77.66,77.87,0.21000000000000796,18.2496,9.5839,8
2,0,59.17,64.58,5.409999999999997,13.317,-17.1313,6
0,2,84.77,88.96,4.189999999999998,8.885,-7.5421,4
0,1,77.96,79.73,1.7700000000000102,16.1787,7.8349,3
4,1,75.77,76.97,1.2000000000000028,18.7889,4.2027,4
2,2,78.54,81.89,3.3499999999999943,11.6681,1.7991,4
0,2,77.87,82.52,4.6499999999999915,4.7386,3.4753,4
4,0,66.83,71.09,4.260000000000005,19.8384,-2.8549,5
3,2,78.24,78.97,0.730000000000004,4.6185,10.872,7
4,2,86.99,95.0,8.010000000000005,8.1379,2.8359,7
2,0,61.22,59.51,-1.7100000000000009,9.5277,-3.9442,7
0,1,67.75,66.32,-1.4300000000000068,6.3914,3.244,4
2,0,67.64,67.03,-0.6099999999999994,8.9388,11.3425,4
0,2,80.23,78.4,-1.8299999999999983,-0.7524,7.2577,7
1,1,76.04,77.3,1.259999999999991,41.8128,3.686,4
0,1,72.87,78.15,5.280000000000001,10.404,0.7486,0
1,0,64.2,65.09,0.8900000000000006,29.678,24.1005,10
3,1,74.41,81.4,6.990000000000009,19.5254,-15.216,1
2,2,80.35,80.5,0.15000000000000568,8.3569,3.8817,2
4,2,81.59,84.67,3.0799999999999983,-0.4774,-8.2668,4
3,1,71.73,77.13,5.3999999999999915,5.4186,12.9195,6
4,2,79.83,87.44,7.609999999999999,4.3185,0.6954,4
0,2,77.19,73.86,-3.3299999999999983,12.679,-3.7032,3
3,2,90.88,87.11,-3.769999999999996,15.0807,-3.153,6
4,1,67.94,68.86,0.9200000000000017,-0.9969,-5.8786,4
4,2,76.89,75.97,-0.9200000000000017,-6.8794,-3.5068,5
0,2,75.2,80.58,5.3799999999999955,38.1018,-2.9478,3
2,2,70.91,78.91,8.0,17.8786,13.3044,6
1,0,73.71,67.06,-6.6499999999999915,22.5015,-1.9601,7
2,2,82.66,81.65,-1.009999999999991,23.1151,7.8339,6
4,2,66.51,63.23,-3.2800000000000082,6.5063,-4.5419,9
2,2,77.91,76.8,-1.1099999999999994,1.6228,-10.6763,2
2,0,64.55,68.26,3.710000000000008,21.8397,2.435,2
2,1,69.47,73.98,4.510000000000005,0.6274,-11.275,2
0,0,63.83,65.83,2.0,21.3121,0.6282,3
3,1,90.58,91.8,1.2199999999999989,33.6018,16.6373,1
1,2,80.55,75.39,-5.159999999999997,14.0485,2.5992,10
2,0,65.74,60.41,-5.329999999999998,4.9786,7.1162,7
0,0,62.91,63.75,0.8400000000000034,6.2066,-8.6551,0
1,0,53.47,51.12,-2.3500000000000014,-19.3848,-19.6556,8
1,2,80.71,81.39,0.6800000000000068,6.0768,-3.4255,4
3,2,87.04,85.6,-1.440000000000012,4.9964,9.4972,7
